id,timestamp,market_ticker,platform,market_type,event_slug,direction,entry_price,size,model_probability,market_price_at_entry,edge_at_entry,settled,settlement_time,settlement_value,result,pnl
1,2026-04-27 01:41:21,2081630,polymarket,btc,btc-updown-5m-1777254300,up,0.505000,75.000000,0.600053,0.505000,0.095053,True,2026-04-27 02:03:23,1.000000,win,37.120000
2,2026-04-27 01:41:21,2081643,polymarket,btc,btc-updown-5m-1777254600,up,0.505000,75.000000,0.600053,0.505000,0.095053,True,2026-04-27 02:03:23,0.000000,loss,-37.880000
3,2026-04-27 02:24:27,2081761,polymarket,btc,btc-updown-5m-1777256700,down,0.495000,75.000000,0.421661,0.505000,0.083339,True,2026-04-27 02:34:26,1.000000,loss,-37.120000
4,2026-04-27 02:24:27,2081779,polymarket,btc,btc-updown-5m-1777257000,down,0.495000,75.000000,0.421661,0.505000,0.083339,True,2026-04-27 02:38:26,0.000000,win,37.880000
5,2026-04-27 02:27:27,2081822,polymarket,btc,btc-updown-5m-1777257600,down,0.495000,75.000000,0.422251,0.505000,0.082749,True,2026-04-27 02:48:26,0.000000,win,37.880000
6,2026-04-27 02:31:27,2081818,polymarket,btc,btc-updown-5m-1777257300,up,0.485000,75.000000,0.571399,0.485000,0.086399,True,2026-04-27 02:44:26,0.000000,loss,-36.380000
7,2026-04-27 02:36:27,2081852,polymarket,btc,btc-updown-5m-1777257900,down,0.495000,75.000000,0.416002,0.505000,0.088998,True,2026-04-27 02:54:26,1.000000,loss,-37.120000
8,2026-04-27 02:55:27,2081936,polymarket,btc,btc-updown-5m-1777258800,up,0.505000,75.000000,0.585688,0.505000,0.080688,True,2026-04-27 03:08:26,1.000000,win,37.120000
9,2026-04-27 02:55:27,2081964,polymarket,btc,btc-updown-5m-1777259400,up,0.505000,75.000000,0.585688,0.505000,0.080688,True,2026-04-27 03:20:26,1.000000,win,37.120000
10,2026-04-27 03:52:29,2082286,polymarket,btc,btc-updown-5m-1777262100,down,0.495000,75.000000,0.422766,0.505000,0.082234,True,2026-04-27 04:06:28,0.000000,win,37.880000
11,2026-04-27 03:52:29,2082826,polymarket,btc,btc-updown-5m-1777262400,down,0.495000,75.000000,0.422766,0.505000,0.082234,True,2026-04-27 04:12:28,1.000000,loss,-37.120000
12,2026-04-27 04:06:22,2082895,polymarket,btc,btc-updown-5m-1777263000,down,0.495000,75.000000,0.417757,0.505000,0.087243,True,2026-04-27 04:22:28,0.000000,win,37.880000
13,2026-04-27 04:06:22,2082904,polymarket,btc,btc-updown-5m-1777263300,down,0.495000,75.000000,0.417757,0.505000,0.087243,True,2026-04-27 04:22:29,0.000000,win,37.880000
14,2026-04-27 04:55:30,2083370,polymarket,btc,btc-updown-5m-1777266000,down,0.495000,75.000000,0.421334,0.505000,0.083666,True,2026-04-27 05:08:28,0.000000,win,37.880000
15,2026-04-27 04:55:30,2083404,polymarket,btc,btc-updown-5m-1777266300,down,0.495000,75.000000,0.421334,0.505000,0.083666,True,2026-04-27 05:12:28,0.000000,win,37.880000
16,2026-04-27 05:04:29,2083410,polymarket,btc,btc-updown-5m-1777266600,down,0.495000,75.000000,0.417904,0.505000,0.087096,True,2026-04-27 15:49:26,0.000000,win,37.880000
17,2026-04-27 05:05:30,2083424,polymarket,btc,btc-updown-5m-1777266900,down,0.495000,75.000000,0.417726,0.505000,0.087274,True,2026-04-27 15:49:26,0.000000,win,37.880000
18,2026-04-27 05:12:29,2083432,polymarket,btc,btc-updown-5m-1777267200,down,0.495000,75.000000,0.424700,0.505000,0.080300,True,2026-04-27 15:49:26,0.000000,win,37.880000
19,2026-04-27 15:50:27,2087001,polymarket,btc,btc-updown-5m-1777305600,down,0.495000,75.000000,0.422195,0.505000,0.082805,True,2026-04-27 16:09:26,0.000000,win,37.880000
20,2026-04-27 15:50:27,2087025,polymarket,btc,btc-updown-5m-1777305900,down,0.495000,75.000000,0.422195,0.505000,0.082805,True,2026-04-27 16:15:26,0.000000,win,37.880000
21,2026-04-27 16:00:27,2087060,polymarket,btc,btc-updown-5m-1777306200,down,0.495000,75.000000,0.405896,0.505000,0.099104,True,2026-04-27 16:21:26,1.000000,loss,-37.120000
22,2026-04-27 16:11:27,2087071,polymarket,btc,btc-updown-5m-1777306500,down,0.495000,75.000000,0.413915,0.505000,0.091085,True,2026-04-27 16:27:26,1.000000,loss,-37.120000
23,2026-04-27 16:11:27,2087084,polymarket,btc,btc-updown-5m-1777306800,down,0.495000,75.000000,0.413915,0.505000,0.091085,True,2026-04-27 16:31:26,0.000000,win,37.880000
24,2026-04-27 16:18:27,2087108,polymarket,btc,btc-updown-5m-1777307100,up,0.505000,75.000000,0.585209,0.505000,0.080209,True,2026-04-27 16:37:26,1.000000,win,37.120000
25,2026-04-27 16:38:27,2087172,polymarket,btc,btc-updown-5m-1777308000,down,0.495000,75.000000,0.421309,0.505000,0.083691,True,2026-04-27 16:51:26,0.000000,win,37.880000
26,2026-04-27 16:38:27,2087186,polymarket,btc,btc-updown-5m-1777308300,down,0.495000,75.000000,0.421309,0.505000,0.083691,True,2026-04-27 16:53:26,1.000000,loss,-37.120000
27,2026-04-27 16:40:27,2087590,polymarket,btc,btc-updown-5m-1777308900,down,0.495000,75.000000,0.416189,0.505000,0.088811,True,2026-04-27 17:07:26,0.000000,win,37.880000
28,2026-04-27 16:43:27,2087200,polymarket,btc,btc-updown-5m-1777308600,down,0.485000,75.000000,0.427736,0.515000,0.087264,True,2026-04-27 16:59:26,1.000000,loss,-36.380000
29,2026-04-27 17:02:27,2087623,polymarket,btc,btc-updown-5m-1777309800,up,0.485000,75.000000,0.595031,0.485000,0.110031,True,2026-04-27 17:23:26,1.000000,win,38.620000
30,2026-04-27 17:02:27,2087609,polymarket,btc,btc-updown-5m-1777309500,up,0.505000,75.000000,0.593831,0.505000,0.088831,True,2026-04-27 17:13:26,0.000000,loss,-37.880000
31,2026-04-27 17:03:27,2087640,polymarket,btc,btc-updown-5m-1777310100,up,0.505000,75.000000,0.594595,0.505000,0.089595,True,2026-04-27 17:23:26,0.000000,loss,-37.880000
32,2026-04-27 17:25:27,2087682,polymarket,btc,btc-updown-5m-1777311000,up,0.505000,75.000000,0.597589,0.505000,0.092589,True,2026-04-27 17:43:26,1.000000,win,37.120000
33,2026-04-27 17:25:27,2087720,polymarket,btc,btc-updown-5m-1777311300,up,0.505000,75.000000,0.597589,0.505000,0.092589,True,2026-04-27 17:47:26,0.000000,loss,-37.880000
34,2026-04-27 17:30:27,2087728,polymarket,btc,btc-updown-5m-1777311600,up,0.505000,75.000000,0.593650,0.505000,0.088650,True,2026-04-27 17:53:26,1.000000,win,37.120000
35,2026-04-27 17:33:28,2087778,polymarket,btc,btc-updown-5m-1777312200,up,0.495000,75.000000,0.575413,0.495000,0.080413,True,2026-04-27 18:03:26,0.000000,loss,-37.120000
36,2026-04-27 17:36:27,2087769,polymarket,btc,btc-updown-5m-1777311900,up,0.495000,75.000000,0.581134,0.495000,0.086134,True,2026-04-27 17:57:26,0.000000,loss,-37.120000
37,2026-04-27 17:53:27,2087826,polymarket,btc,btc-updown-5m-1777312800,down,0.495000,75.000000,0.415129,0.505000,0.089871,True,2026-04-27 18:11:26,1.000000,loss,-37.120000
38,2026-04-27 17:53:27,2087842,polymarket,btc,btc-updown-5m-1777313100,down,0.495000,75.000000,0.415129,0.505000,0.089871,True,2026-04-27 18:13:26,0.000000,win,37.880000
39,2026-04-27 18:00:27,2087853,polymarket,btc,btc-updown-5m-1777313400,down,0.495000,75.000000,0.414439,0.505000,0.090561,True,2026-04-27 18:17:26,1.000000,loss,-37.120000
40,2026-04-27 18:11:27,2087857,polymarket,btc,btc-updown-5m-1777313700,down,0.495000,75.000000,0.422152,0.505000,0.082848,True,2026-04-27 18:23:26,1.000000,loss,-37.120000
41,2026-04-27 18:11:27,2087885,polymarket,btc,btc-updown-5m-1777314000,down,0.495000,75.000000,0.422152,0.505000,0.082848,True,2026-04-27 18:29:26,1.000000,loss,-37.120000
42,2026-04-27 18:19:27,2087908,polymarket,btc,btc-updown-5m-1777314300,up,0.485000,75.000000,0.576452,0.485000,0.091452,True,2026-04-27 18:35:26,0.000000,loss,-36.380000
43,2026-04-27 18:28:27,2087917,polymarket,btc,btc-updown-5m-1777314600,down,0.495000,75.000000,0.402751,0.505000,0.102249,True,2026-04-27 18:39:26,1.000000,loss,-37.120000
44,2026-04-27 18:28:27,2087953,polymarket,btc,btc-updown-5m-1777314900,down,0.495000,75.000000,0.402751,0.505000,0.102249,True,2026-04-27 18:45:26,0.000000,win,37.880000
45,2026-04-27 19:06:27,2088330,polymarket,btc,btc-updown-5m-1777317000,down,0.495000,75.000000,0.406969,0.505000,0.098031,True,2026-04-27 19:21:26,1.000000,loss,-37.120000
46,2026-04-27 19:06:27,2088386,polymarket,btc,btc-updown-5m-1777317300,down,0.495000,75.000000,0.406969,0.505000,0.098031,True,2026-04-27 19:27:26,0.000000,win,37.880000
47,2026-04-27 19:27:27,2088446,polymarket,btc,btc-updown-5m-1777318200,down,0.495000,75.000000,0.418717,0.505000,0.086283,True,2026-04-27 19:39:26,0.000000,win,37.880000
48,2026-04-27 19:27:27,2088486,polymarket,btc,btc-updown-5m-1777318500,down,0.495000,75.000000,0.418717,0.505000,0.086283,True,2026-04-27 19:45:26,1.000000,loss,-37.120000
49,2026-04-27 19:30:27,2088510,polymarket,btc,btc-updown-5m-1777318800,down,0.495000,75.000000,0.415430,0.505000,0.089570,True,2026-04-27 19:51:26,1.000000,loss,-37.120000
50,2026-04-27 19:41:27,2088536,polymarket,btc,btc-updown-5m-1777319100,up,0.505000,75.000000,0.588582,0.505000,0.083582,True,2026-04-27 19:57:26,1.000000,win,37.120000
51,2026-04-27 19:41:27,2088551,polymarket,btc,btc-updown-5m-1777319400,up,0.505000,75.000000,0.588582,0.505000,0.083582,True,2026-04-27 20:01:26,1.000000,win,37.120000
52,2026-04-27 19:45:27,2088732,polymarket,btc,btc-updown-5m-1777319700,up,0.505000,75.000000,0.597347,0.505000,0.092347,True,2026-04-27 20:05:26,1.000000,win,37.120000
53,2026-04-27 19:52:27,2088755,polymarket,btc,btc-updown-5m-1777320000,up,0.505000,75.000000,0.590203,0.505000,0.085203,True,2026-04-27 20:11:26,1.000000,win,37.120000
54,2026-04-27 20:24:27,2088848,polymarket,btc,btc-updown-5m-1777321500,up,0.475000,75.000000,0.557591,0.475000,0.082591,True,2026-04-27 20:37:26,1.000000,win,39.380000
55,2026-04-27 20:32:27,2088895,polymarket,btc,btc-updown-5m-1777322100,up,0.465000,75.000000,0.556927,0.465000,0.091927,True,2026-04-27 20:43:26,0.000000,loss,-34.880000
56,2026-04-27 21:08:27,2089062,polymarket,btc,btc-updown-5m-1777324200,down,0.475000,75.000000,0.442284,0.525000,0.082716,True,2026-04-27 21:19:26,0.000000,win,39.380000
57,2026-04-27 21:12:27,2089101,polymarket,btc,btc-updown-5m-1777324500,down,0.495000,75.000000,0.421276,0.505000,0.083724,True,2026-04-27 21:23:26,0.000000,win,37.880000
58,2026-04-27 21:12:27,2089139,polymarket,btc,btc-updown-5m-1777324800,down,0.495000,75.000000,0.421276,0.505000,0.083724,True,2026-04-27 21:29:26,0.000000,win,37.880000
59,2026-04-27 21:29:27,2089435,polymarket,btc,btc-updown-5m-1777326000,up,0.460000,75.000000,0.569039,0.460000,0.109039,True,2026-04-27 21:49:26,0.000000,loss,-34.500000
60,2026-04-27 21:29:27,2089303,polymarket,btc,btc-updown-5m-1777325400,up,0.475000,75.000000,0.568139,0.475000,0.093139,True,2026-04-27 21:39:26,1.000000,win,39.380000
61,2026-04-27 21:47:27,2089465,polymarket,btc,btc-updown-5m-1777326600,down,0.495000,75.000000,0.421096,0.505000,0.083904,True,2026-04-27 22:03:26,0.000000,win,37.880000
62,2026-04-27 21:47:27,2089511,polymarket,btc,btc-updown-5m-1777326900,down,0.495000,75.000000,0.421096,0.505000,0.083904,True,2026-04-27 22:05:26,0.000000,win,37.880000
63,2026-04-27 21:55:27,2089530,polymarket,btc,btc-updown-5m-1777327200,down,0.495000,75.000000,0.424916,0.505000,0.080084,True,2026-04-27 22:13:26,1.000000,loss,-37.120000
64,2026-04-27 21:55:27,2089549,polymarket,btc,btc-updown-5m-1777327500,down,0.495000,75.000000,0.424916,0.505000,0.080084,True,2026-04-27 22:13:26,1.000000,loss,-37.120000
65,2026-04-27 22:05:27,2089645,polymarket,btc,btc-updown-5m-1777327800,down,0.495000,75.000000,0.423433,0.505000,0.081567,True,2026-04-27 22:19:26,0.000000,win,37.880000
66,2026-04-27 22:05:27,2089682,polymarket,btc,btc-updown-5m-1777328100,down,0.495000,75.000000,0.423433,0.505000,0.081567,True,2026-04-27 22:25:26,0.000000,win,37.880000
67,2026-04-27 22:30:27,2089840,polymarket,btc,btc-updown-5m-1777329300,up,0.505000,75.000000,0.590265,0.505000,0.085265,True,2026-04-27 22:45:26,1.000000,win,37.120000
68,2026-04-27 22:30:27,2089841,polymarket,btc,btc-updown-5m-1777329600,up,0.505000,75.000000,0.590265,0.505000,0.085265,True,2026-04-27 22:49:26,1.000000,win,37.120000
69,2026-04-27 22:51:27,2090166,polymarket,btc,btc-updown-5m-1777330500,up,0.465000,75.000000,0.549991,0.465000,0.084991,True,2026-04-27 23:07:26,0.000000,loss,-34.880000
70,2026-04-27 23:17:27,2090227,polymarket,btc,btc-updown-5m-1777332000,up,0.505000,75.000000,0.589084,0.505000,0.084084,True,2026-04-27 23:29:26,1.000000,win,37.120000
71,2026-04-27 23:17:27,2090280,polymarket,btc,btc-updown-5m-1777332300,up,0.505000,75.000000,0.589084,0.505000,0.084084,True,2026-04-27 23:35:26,0.000000,loss,-37.880000
72,2026-04-27 23:52:27,2090376,polymarket,btc,btc-updown-5m-1777334100,up,0.465000,75.000000,0.552188,0.465000,0.087188,True,2026-04-28 00:03:26,0.000000,loss,-34.880000
73,2026-04-27 23:54:27,2090395,polymarket,btc,btc-updown-5m-1777334400,up,0.505000,75.000000,0.585942,0.505000,0.080942,True,2026-04-28 00:07:26,0.000000,loss,-37.880000
74,2026-04-28 00:04:27,2090438,polymarket,btc,btc-updown-5m-1777335000,down,0.495000,75.000000,0.417570,0.505000,0.087430,True,2026-04-28 00:19:26,0.000000,win,37.880000
75,2026-04-28 00:04:27,2090451,polymarket,btc,btc-updown-5m-1777335300,down,0.495000,75.000000,0.417570,0.505000,0.087430,True,2026-04-28 00:23:26,0.000000,win,37.880000
76,2026-04-28 00:21:27,2090477,polymarket,btc,btc-updown-5m-1777335900,down,0.495000,75.000000,0.420155,0.505000,0.084845,True,2026-04-28 00:37:26,0.000000,win,37.880000
77,2026-04-28 00:21:27,2090499,polymarket,btc,btc-updown-5m-1777336200,down,0.495000,75.000000,0.420155,0.505000,0.084845,True,2026-04-28 00:39:26,0.000000,win,37.880000
78,2026-04-28 00:27:27,2090525,polymarket,btc,btc-updown-5m-1777336500,down,0.495000,75.000000,0.418082,0.505000,0.086918,True,2026-04-28 00:45:26,1.000000,loss,-37.120000
79,2026-04-28 00:39:27,2090534,polymarket,btc,btc-updown-5m-1777336800,up,0.505000,75.000000,0.592516,0.505000,0.087516,True,2026-04-28 00:51:26,1.000000,win,37.120000
80,2026-04-28 00:39:27,2090548,polymarket,btc,btc-updown-5m-1777337100,up,0.505000,75.000000,0.592516,0.505000,0.087516,True,2026-04-28 00:55:26,1.000000,win,37.120000
81,2026-04-28 00:40:27,2090570,polymarket,btc,btc-updown-5m-1777337400,up,0.505000,75.000000,0.596641,0.505000,0.091641,True,2026-04-28 01:03:26,0.000000,loss,-37.880000
82,2026-04-28 00:52:27,2090584,polymarket,btc,btc-updown-5m-1777337700,down,0.495000,75.000000,0.397880,0.505000,0.107120,True,2026-04-28 01:07:26,0.000000,win,37.880000
83,2026-04-28 00:52:27,2090596,polymarket,btc,btc-updown-5m-1777338000,down,0.495000,75.000000,0.397880,0.505000,0.107120,True,2026-04-28 01:13:26,0.000000,win,37.880000
84,2026-04-28 01:02:28,2090629,polymarket,btc,btc-updown-5m-1777338600,down,0.495000,75.000000,0.417912,0.505000,0.087088,True,2026-04-28 01:17:26,0.000000,win,37.880000
85,2026-04-28 01:02:28,2090640,polymarket,btc,btc-updown-5m-1777338900,down,0.495000,75.000000,0.417912,0.505000,0.087088,True,2026-04-28 01:25:26,0.000000,win,37.880000
86,2026-04-28 01:03:27,2090619,polymarket,btc,btc-updown-5m-1777338300,down,0.495000,75.000000,0.416214,0.505000,0.088786,True,2026-04-28 01:15:26,0.000000,win,37.880000
87,2026-04-28 01:20:27,2090670,polymarket,btc,btc-updown-5m-1777339500,down,0.495000,75.000000,0.412282,0.505000,0.092718,True,2026-04-28 01:35:26,1.000000,loss,-37.120000
88,2026-04-28 01:20:27,2090672,polymarket,btc,btc-updown-5m-1777339800,down,0.495000,75.000000,0.412282,0.505000,0.092718,True,2026-04-28 01:39:26,0.000000,win,37.880000
89,2026-04-28 01:32:27,2090705,polymarket,btc,btc-updown-5m-1777340100,down,0.495000,75.000000,0.419050,0.505000,0.085950,True,2026-04-28 01:45:26,1.000000,loss,-37.120000
90,2026-04-28 01:32:27,2090713,polymarket,btc,btc-updown-5m-1777340400,down,0.495000,75.000000,0.419050,0.505000,0.085950,True,2026-04-28 01:51:26,0.000000,win,37.880000
91,2026-04-28 01:44:27,2090792,polymarket,btc,btc-updown-5m-1777341900,down,0.495000,75.000000,0.415798,0.505000,0.089202,True,2026-04-28 02:19:09,0.000000,win,37.880000
92,2026-04-28 01:44:27,2090725,polymarket,btc,btc-updown-5m-1777340700,down,0.495000,75.000000,0.418637,0.505000,0.086363,True,2026-04-28 01:53:26,1.000000,loss,-37.120000
93,2026-04-28 01:45:27,2090738,polymarket,btc,btc-updown-5m-1777341000,down,0.495000,75.000000,0.424597,0.505000,0.080403,True,2026-04-28 02:01:26,1.000000,loss,-37.120000
94,2026-04-28 01:45:27,2090748,polymarket,btc,btc-updown-5m-1777341300,down,0.495000,75.000000,0.424597,0.505000,0.080403,True,2026-04-28 02:03:26,0.000000,win,37.880000
95,2026-04-28 02:06:27,2090904,polymarket,btc,btc-updown-5m-1777342200,up,0.505000,75.000000,0.585109,0.505000,0.080109,True,2026-04-28 02:19:09,1.000000,win,37.120000
96,2026-04-28 02:06:27,2090905,polymarket,btc,btc-updown-5m-1777342500,up,0.505000,75.000000,0.585109,0.505000,0.080109,True,2026-04-28 02:25:09,1.000000,win,37.120000
97,2026-04-28 02:22:10,2090934,polymarket,btc,btc-updown-5m-1777343100,up,0.505000,75.000000,0.586691,0.505000,0.081691,True,2026-04-28 02:35:09,0.000000,loss,-37.880000
98,2026-04-28 02:22:10,2090937,polymarket,btc,btc-updown-5m-1777343400,up,0.505000,75.000000,0.586691,0.505000,0.081691,True,2026-04-28 02:39:09,0.000000,loss,-37.880000
99,2026-04-28 02:27:10,2090976,polymarket,btc,btc-updown-5m-1777343700,down,0.495000,75.000000,0.413337,0.505000,0.091663,True,2026-04-28 02:45:09,0.000000,win,37.880000
100,2026-04-28 02:30:10,2090982,polymarket,btc,btc-updown-5m-1777344000,down,0.495000,75.000000,0.408188,0.505000,0.096812,True,2026-04-28 02:49:09,0.000000,win,37.880000
101,2026-04-28 02:35:10,2090985,polymarket,btc,btc-updown-5m-1777344300,down,0.495000,75.000000,0.422298,0.505000,0.082702,True,2026-04-28 02:55:09,0.000000,win,37.880000
102,2026-04-28 02:40:10,2090998,polymarket,btc,btc-updown-5m-1777344600,down,0.495000,75.000000,0.424700,0.505000,0.080300,True,2026-04-28 02:57:09,1.000000,loss,-37.120000
103,2026-04-28 02:45:10,2091058,polymarket,btc,btc-updown-5m-1777344900,down,0.495000,75.000000,0.419659,0.505000,0.085341,True,2026-04-28 03:05:09,1.000000,loss,-37.120000
104,2026-04-28 03:00:10,2091088,polymarket,btc,btc-updown-5m-1777345500,up,0.505000,75.000000,0.602366,0.505000,0.097366,True,2026-04-28 03:14:41,0.000000,loss,-37.880000
105,2026-04-28 03:00:10,2091094,polymarket,btc,btc-updown-5m-1777345800,up,0.505000,75.000000,0.602366,0.505000,0.097366,True,2026-04-28 03:20:41,0.000000,loss,-37.880000
106,2026-04-28 03:06:10,2091112,polymarket,btc,btc-updown-5m-1777346100,down,0.495000,75.000000,0.420918,0.505000,0.084082,True,2026-04-28 03:26:37,0.000000,win,37.880000
107,2026-04-28 03:26:38,2091149,polymarket,btc,btc-updown-5m-1777347000,down,0.495000,75.000000,0.422026,0.505000,0.082974,True,2026-04-28 03:42:37,1.000000,loss,-37.120000
108,2026-04-28 03:26:38,2091193,polymarket,btc,btc-updown-5m-1777347600,down,0.495000,75.000000,0.422026,0.505000,0.082974,True,2026-04-28 03:52:37,0.000000,win,37.880000
109,2026-04-28 03:34:38,2091181,polymarket,btc,btc-updown-5m-1777347300,up,0.490000,75.000000,0.582607,0.490000,0.092607,True,2026-04-28 03:46:37,0.000000,loss,-36.750000
110,2026-04-28 04:24:38,2092250,polymarket,btc,btc-updown-5m-1777350300,down,0.495000,75.000000,0.417603,0.505000,0.087397,True,2026-04-28 04:36:37,1.000000,loss,-37.120000
111,2026-04-28 04:24:38,2092262,polymarket,btc,btc-updown-5m-1777350600,down,0.495000,75.000000,0.417603,0.505000,0.087397,True,2026-04-28 04:42:37,1.000000,loss,-37.120000
112,2026-04-28 05:08:38,2092610,polymarket,btc,btc-updown-5m-1777353300,up,0.465000,75.000000,0.566220,0.465000,0.101220,True,2026-04-28 05:24:37,1.000000,win,40.120000
113,2026-04-28 05:36:38,2092796,polymarket,btc,btc-updown-5m-1777354800,down,0.495000,75.000000,0.419095,0.505000,0.085905,True,2026-04-28 05:52:37,0.000000,win,37.880000
114,2026-04-28 05:36:38,2092807,polymarket,btc,btc-updown-5m-1777355100,down,0.495000,75.000000,0.419095,0.505000,0.085905,True,2026-04-28 05:56:37,1.000000,loss,-37.120000
115,2026-04-28 05:42:38,2092817,polymarket,btc,btc-updown-5m-1777355400,down,0.495000,75.000000,0.409947,0.505000,0.095053,True,2026-04-28 05:58:37,1.000000,loss,-37.120000
116,2026-04-28 06:24:38,2092957,polymarket,btc,btc-updown-5m-1777357500,down,0.495000,75.000000,0.420097,0.505000,0.084903,True,2026-04-28 06:34:37,1.000000,loss,-37.120000
117,2026-04-28 06:24:38,2092967,polymarket,btc,btc-updown-5m-1777357800,down,0.495000,75.000000,0.420097,0.505000,0.084903,True,2026-04-28 06:40:37,1.000000,loss,-37.120000
118,2026-04-28 06:25:38,2093000,polymarket,btc,btc-updown-5m-1777358100,down,0.495000,75.000000,0.415333,0.505000,0.089667,True,2026-04-28 06:44:37,0.000000,win,37.880000
119,2026-04-28 06:40:38,2093014,polymarket,btc,btc-updown-5m-1777358700,down,0.495000,75.000000,0.420754,0.505000,0.084246,True,2026-04-28 06:54:37,1.000000,loss,-37.120000
120,2026-04-28 06:40:38,2093026,polymarket,btc,btc-updown-5m-1777359000,down,0.495000,75.000000,0.420754,0.505000,0.084246,True,2026-04-28 07:00:37,1.000000,loss,-37.120000
121,2026-04-28 06:45:38,2093106,polymarket,btc,btc-updown-5m-1777359300,down,0.495000,75.000000,0.418676,0.505000,0.086324,True,2026-04-28 07:06:37,0.000000,win,37.880000
122,2026-04-28 07:09:38,2093165,polymarket,btc,btc-updown-5m-1777360200,down,0.495000,75.000000,0.423196,0.505000,0.081804,True,2026-04-28 07:22:37,0.000000,win,37.880000
123,2026-04-28 07:09:38,2093266,polymarket,btc,btc-updown-5m-1777360500,down,0.495000,75.000000,0.423196,0.505000,0.081804,True,2026-04-28 07:26:37,0.000000,win,37.880000
124,2026-04-28 07:10:38,2093284,polymarket,btc,btc-updown-5m-1777360800,down,0.495000,75.000000,0.418755,0.505000,0.086245,True,2026-04-28 07:30:37,1.000000,loss,-37.120000
125,2026-04-28 07:15:38,2093565,polymarket,btc,btc-updown-5m-1777361100,down,0.495000,75.000000,0.423866,0.505000,0.081134,True,2026-04-28 07:36:37,1.000000,loss,-37.120000
126,2026-04-28 07:23:38,2094139,polymarket,btc,btc-updown-5m-1777361400,up,0.505000,75.000000,0.594405,0.505000,0.089405,True,2026-04-28 07:40:37,1.000000,win,37.120000
127,2026-04-28 07:23:38,2094196,polymarket,btc,btc-updown-5m-1777361700,up,0.505000,75.000000,0.594405,0.505000,0.089405,True,2026-04-28 07:46:37,1.000000,win,37.120000
128,2026-04-28 07:24:38,2094205,polymarket,btc,btc-updown-5m-1777362000,up,0.505000,75.000000,0.585104,0.505000,0.080104,True,2026-04-28 07:52:37,1.000000,win,37.120000
129,2026-04-28 07:31:38,2094239,polymarket,btc,btc-updown-5m-1777362900,up,0.485000,75.000000,0.590270,0.485000,0.105270,True,2026-04-28 08:06:37,0.000000,loss,-36.380000
130,2026-04-28 08:06:38,2094271,polymarket,btc,btc-updown-5m-1777363800,down,0.495000,75.000000,0.413734,0.505000,0.091266,True,2026-04-28 08:18:37,1.000000,loss,-37.120000
131,2026-04-28 08:06:38,2094299,polymarket,btc,btc-updown-5m-1777364100,down,0.495000,75.000000,0.413734,0.505000,0.091266,True,2026-04-28 08:24:37,1.000000,loss,-37.120000
132,2026-04-28 08:16:38,2094305,polymarket,btc,btc-updown-5m-1777364400,up,0.505000,75.000000,0.588397,0.505000,0.083397,True,2026-04-28 08:30:37,0.000000,loss,-37.880000
133,2026-04-28 08:16:38,2094406,polymarket,btc,btc-updown-5m-1777364700,up,0.505000,75.000000,0.588397,0.505000,0.083397,True,2026-04-28 08:34:37,1.000000,win,37.120000
134,2026-04-28 08:42:38,2094557,polymarket,btc,btc-updown-5m-1777365900,down,0.495000,75.000000,0.416674,0.505000,0.088326,True,2026-04-28 08:54:37,0.000000,win,37.880000
135,2026-04-28 08:42:38,2094565,polymarket,btc,btc-updown-5m-1777366200,down,0.495000,75.000000,0.416674,0.505000,0.088326,True,2026-04-28 09:00:37,0.000000,win,37.880000
136,2026-04-28 08:45:38,2094586,polymarket,btc,btc-updown-5m-1777366500,down,0.495000,75.000000,0.405365,0.505000,0.099635,True,2026-04-28 09:06:37,1.000000,loss,-37.120000
137,2026-04-28 08:50:38,2094593,polymarket,btc,btc-updown-5m-1777366800,down,0.495000,75.000000,0.420202,0.505000,0.084798,True,2026-04-28 09:10:37,0.000000,win,37.880000
138,2026-04-28 09:33:38,2094679,polymarket,btc,btc-updown-5m-1777368900,down,0.495000,75.000000,0.411402,0.505000,0.093598,True,2026-04-28 09:44:37,1.000000,loss,-37.120000
139,2026-04-28 09:33:38,2094686,polymarket,btc,btc-updown-5m-1777369200,down,0.495000,75.000000,0.411402,0.505000,0.093598,True,2026-04-28 09:50:37,0.000000,win,37.880000
140,2026-04-28 09:35:38,2094702,polymarket,btc,btc-updown-5m-1777369500,down,0.495000,75.000000,0.415344,0.505000,0.089656,True,2026-04-28 09:54:37,0.000000,win,37.880000
141,2026-04-28 09:47:38,2094708,polymarket,btc,btc-updown-5m-1777369800,down,0.495000,75.000000,0.421900,0.505000,0.083100,True,2026-04-28 10:00:37,1.000000,loss,-37.120000
142,2026-04-28 09:47:38,2094786,polymarket,btc,btc-updown-5m-1777370100,down,0.495000,75.000000,0.421900,0.505000,0.083100,True,2026-04-28 10:04:37,0.000000,win,37.880000
143,2026-04-28 09:50:38,2094794,polymarket,btc,btc-updown-5m-1777370400,down,0.495000,75.000000,0.424545,0.505000,0.080455,True,2026-04-28 10:10:37,1.000000,loss,-37.120000
144,2026-04-28 10:02:38,2094805,polymarket,btc,btc-updown-5m-1777370700,up,0.505000,75.000000,0.589019,0.505000,0.084019,True,2026-04-28 10:16:37,0.000000,loss,-37.880000
145,2026-04-28 10:02:38,2094837,polymarket,btc,btc-updown-5m-1777371000,up,0.505000,75.000000,0.589019,0.505000,0.084019,True,2026-04-28 10:20:37,0.000000,loss,-37.880000
146,2026-04-28 11:07:38,2095193,polymarket,btc,btc-updown-5m-1777374600,down,0.495000,75.000000,0.419603,0.505000,0.085397,True,2026-04-28 11:20:37,0.000000,win,37.880000
147,2026-04-28 11:07:38,2095198,polymarket,btc,btc-updown-5m-1777374900,down,0.495000,75.000000,0.419603,0.505000,0.085397,True,2026-04-28 11:26:37,0.000000,win,37.880000
148,2026-04-28 11:17:38,2095211,polymarket,btc,btc-updown-5m-1777375200,down,0.495000,75.000000,0.416355,0.505000,0.088645,True,2026-04-28 11:30:37,1.000000,loss,-37.120000
149,2026-04-28 11:17:38,2095219,polymarket,btc,btc-updown-5m-1777375500,down,0.495000,75.000000,0.416355,0.505000,0.088645,True,2026-04-28 11:36:37,0.000000,win,37.880000
150,2026-04-28 11:28:38,2095231,polymarket,btc,btc-updown-5m-1777375800,down,0.495000,75.000000,0.417505,0.505000,0.087495,True,2026-04-28 11:40:37,0.000000,win,37.880000
151,2026-04-28 11:28:38,2095276,polymarket,btc,btc-updown-5m-1777376100,down,0.495000,75.000000,0.417505,0.505000,0.087495,True,2026-04-28 11:46:37,0.000000,win,37.880000
152,2026-04-28 11:30:38,2095282,polymarket,btc,btc-updown-5m-1777376400,down,0.495000,75.000000,0.406826,0.505000,0.098174,True,2026-04-28 11:52:37,1.000000,loss,-37.120000
153,2026-04-28 11:36:38,2095287,polymarket,btc,btc-updown-5m-1777376700,down,0.495000,75.000000,0.424550,0.505000,0.080450,True,2026-04-28 11:58:37,0.000000,win,37.880000
154,2026-04-28 11:41:38,2095305,polymarket,btc,btc-updown-5m-1777377000,down,0.495000,75.000000,0.408442,0.505000,0.096558,True,2026-04-28 12:00:37,1.000000,loss,-37.120000
155,2026-04-28 11:49:38,2095886,polymarket,btc,btc-updown-5m-1777377300,down,0.500000,75.000000,0.413076,0.500000,0.086924,True,2026-04-28 12:02:37,1.000000,loss,-37.500000
156,2026-04-28 12:25:39,2095959,polymarket,btc,btc-updown-5m-1777379400,down,0.495000,75.000000,0.416224,0.505000,0.088776,True,2026-04-28 12:38:37,1.000000,loss,-37.120000
157,2026-04-28 12:25:39,2095993,polymarket,btc,btc-updown-5m-1777379700,down,0.495000,75.000000,0.416224,0.505000,0.088776,True,2026-04-28 12:44:37,1.000000,loss,-37.120000
158,2026-04-28 13:05:38,2096331,polymarket,btc,btc-updown-5m-1777381800,down,0.495000,75.000000,0.417750,0.505000,0.087250,True,2026-04-28 13:20:37,1.000000,loss,-37.120000
159,2026-04-28 13:05:38,2096343,polymarket,btc,btc-updown-5m-1777382100,down,0.495000,75.000000,0.417750,0.505000,0.087250,True,2026-04-28 13:24:37,0.000000,win,37.880000
160,2026-04-28 13:10:38,2096351,polymarket,btc,btc-updown-5m-1777382400,down,0.495000,75.000000,0.424177,0.505000,0.080823,True,2026-04-28 13:32:37,1.000000,loss,-37.120000
161,2026-04-28 13:16:39,2096667,polymarket,btc,btc-updown-5m-1777382700,down,0.495000,75.000000,0.405587,0.505000,0.099413,True,2026-04-28 13:36:37,1.000000,loss,-37.120000
162,2026-04-28 13:29:38,2096669,polymarket,btc,btc-updown-5m-1777383000,up,0.505000,75.000000,0.595374,0.505000,0.090374,True,2026-04-28 13:42:37,0.000000,loss,-37.880000
163,2026-04-28 13:29:38,2096736,polymarket,btc,btc-updown-5m-1777383300,up,0.505000,75.000000,0.595374,0.505000,0.090374,True,2026-04-28 13:46:37,1.000000,win,37.120000
164,2026-04-28 13:36:38,2096758,polymarket,btc,btc-updown-5m-1777383600,up,0.505000,75.000000,0.596728,0.505000,0.091728,True,2026-04-28 13:50:37,0.000000,loss,-37.880000
165,2026-04-28 13:36:38,2096765,polymarket,btc,btc-updown-5m-1777383900,up,0.505000,75.000000,0.596728,0.505000,0.091728,True,2026-04-28 13:56:37,1.000000,win,37.120000
166,2026-04-28 13:42:39,2096781,polymarket,btc,btc-updown-5m-1777384200,up,0.505000,75.000000,0.586879,0.505000,0.081879,True,2026-04-28 14:02:37,0.000000,loss,-37.880000
167,2026-04-28 13:46:38,2096872,polymarket,btc,btc-updown-5m-1777384500,up,0.505000,75.000000,0.598823,0.505000,0.093823,True,2026-04-28 14:06:37,1.000000,win,37.120000
168,2026-04-28 13:52:38,2096884,polymarket,btc,btc-updown-5m-1777384800,down,0.495000,75.000000,0.405899,0.505000,0.099101,True,2026-04-28 14:12:37,0.000000,win,37.880000
169,2026-04-28 13:55:38,2096937,polymarket,btc,btc-updown-5m-1777385100,down,0.495000,75.000000,0.406300,0.505000,0.098700,True,2026-04-28 14:16:37,1.000000,loss,-37.120000
170,2026-04-28 14:01:39,2096997,polymarket,btc,btc-updown-5m-1777385400,down,0.495000,75.000000,0.424363,0.505000,0.080637,True,2026-04-28 14:22:37,0.000000,win,37.880000
171,2026-04-28 14:05:38,2097065,polymarket,btc,btc-updown-5m-1777385700,down,0.495000,75.000000,0.413115,0.505000,0.091885,True,2026-04-28 14:28:37,0.000000,win,37.880000
172,2026-04-28 14:11:38,2097080,polymarket,btc,btc-updown-5m-1777386000,down,0.495000,75.000000,0.416531,0.505000,0.088469,True,2026-04-28 14:28:37,0.000000,win,37.880000
173,2026-04-28 14:15:38,2097388,polymarket,btc,btc-updown-5m-1777386300,down,0.495000,75.000000,0.415453,0.505000,0.089547,True,2026-04-28 14:38:37,0.000000,win,37.880000
174,2026-04-28 14:22:39,2097397,polymarket,btc,btc-updown-5m-1777386600,down,0.495000,75.000000,0.404480,0.505000,0.100520,True,2026-04-28 14:38:37,0.000000,win,37.880000
175,2026-04-28 14:25:38,2097446,polymarket,btc,btc-updown-5m-1777386900,down,0.495000,75.000000,0.409769,0.505000,0.095231,True,2026-04-28 14:44:37,0.000000,win,37.880000
176,2026-04-28 14:30:38,2097479,polymarket,btc,btc-updown-5m-1777387800,down,0.485000,75.000000,0.420839,0.515000,0.094161,True,2026-04-28 15:00:37,1.000000,loss,-36.380000
177,2026-04-28 14:35:38,2097457,polymarket,btc,btc-updown-5m-1777387200,down,0.485000,75.000000,0.406254,0.515000,0.108746,True,2026-04-28 14:50:37,1.000000,loss,-36.380000
178,2026-04-28 14:40:38,2097471,polymarket,btc,btc-updown-5m-1777387500,down,0.495000,75.000000,0.406988,0.505000,0.098012,True,2026-04-28 14:54:37,0.000000,win,37.880000
179,2026-04-28 14:51:38,2097500,polymarket,btc,btc-updown-5m-1777388400,down,0.475000,75.000000,0.427908,0.525000,0.097092,True,2026-04-28 15:10:37,1.000000,loss,-35.620000
180,2026-04-28 14:52:38,2097493,polymarket,btc,btc-updown-5m-1777388100,down,0.495000,75.000000,0.421857,0.505000,0.083143,True,2026-04-28 15:04:37,1.000000,loss,-37.120000
181,2026-04-28 14:59:39,2097538,polymarket,btc,btc-updown-5m-1777388700,up,0.505000,75.000000,0.599981,0.505000,0.094981,True,2026-04-28 15:16:37,0.000000,loss,-37.880000
182,2026-04-28 14:59:39,2097546,polymarket,btc,btc-updown-5m-1777389000,up,0.505000,75.000000,0.599981,0.505000,0.094981,True,2026-04-28 15:20:37,0.000000,loss,-37.880000
183,2026-04-28 15:00:39,2097628,polymarket,btc,btc-updown-5m-1777389900,up,0.505000,75.000000,0.592887,0.505000,0.087887,True,2026-04-28 15:32:37,0.000000,loss,-37.880000
184,2026-04-28 15:24:38,2097725,polymarket,btc,btc-updown-5m-1777390500,up,0.505000,75.000000,0.587115,0.505000,0.082115,True,2026-04-28 15:42:37,1.000000,win,37.120000
185,2026-04-28 15:24:38,2097777,polymarket,btc,btc-updown-5m-1777390800,up,0.505000,75.000000,0.587115,0.505000,0.082115,True,2026-04-28 15:48:37,0.000000,loss,-37.880000
186,2026-04-28 15:35:38,2097814,polymarket,btc,btc-updown-5m-1777391400,down,0.495000,75.000000,0.409283,0.505000,0.095717,True,2026-04-28 16:00:37,1.000000,loss,-37.120000
187,2026-04-28 15:40:38,2097802,polymarket,btc,btc-updown-5m-1777391100,up,0.480000,75.000000,0.565446,0.480000,0.085446,True,2026-04-28 15:58:37,0.000000,loss,-36.000000
188,2026-04-28 15:45:39,2098373,polymarket,btc,btc-updown-5m-1777392000,down,0.455000,75.000000,0.453470,0.545000,0.091530,True,2026-04-28 16:10:37,1.000000,loss,-34.120000
189,2026-04-28 15:53:38,2098363,polymarket,btc,btc-updown-5m-1777391700,up,0.505000,75.000000,0.586413,0.505000,0.081413,True,2026-04-28 16:04:37,0.000000,loss,-37.880000
190,2026-04-28 15:53:38,2098394,polymarket,btc,btc-updown-5m-1777392300,up,0.505000,75.000000,0.586413,0.505000,0.081413,True,2026-04-28 16:14:37,0.000000,loss,-37.880000
191,2026-04-28 16:12:39,2098493,polymarket,btc,btc-updown-5m-1777393800,down,0.455000,75.000000,0.408229,0.545000,0.136771,True,2026-04-28 16:42:37,0.000000,win,40.870000
192,2026-04-28 16:12:39,2098457,polymarket,btc,btc-updown-5m-1777392900,down,0.495000,75.000000,0.410629,0.505000,0.094371,True,2026-04-28 16:26:37,0.000000,win,37.880000
193,2026-04-28 16:15:38,2098461,polymarket,btc,btc-updown-5m-1777393200,down,0.495000,75.000000,0.423882,0.505000,0.081118,True,2026-04-28 16:30:37,0.000000,win,37.880000
194,2026-04-28 16:35:38,2098530,polymarket,btc,btc-updown-5m-1777394400,down,0.495000,75.000000,0.416500,0.505000,0.088500,True,2026-04-28 16:48:37,1.000000,loss,-37.120000
195,2026-04-28 16:35:38,2098543,polymarket,btc,btc-updown-5m-1777394700,down,0.495000,75.000000,0.416500,0.505000,0.088500,True,2026-04-28 16:52:37,0.000000,win,37.880000
196,2026-04-28 16:39:38,2098815,polymarket,btc,btc-updown-5m-1777395600,down,0.475000,75.000000,0.441585,0.525000,0.083415,True,2026-04-28 17:10:37,0.000000,win,39.380000
197,2026-04-28 16:53:38,2098807,polymarket,btc,btc-updown-5m-1777395300,up,0.505000,75.000000,0.587969,0.505000,0.082969,True,2026-04-28 17:02:37,0.000000,loss,-37.880000
198,2026-04-28 16:53:38,2098830,polymarket,btc,btc-updown-5m-1777395900,up,0.505000,75.000000,0.587969,0.505000,0.082969,True,2026-04-28 17:14:37,0.000000,loss,-37.880000
199,2026-04-28 16:55:38,2098837,polymarket,btc,btc-updown-5m-1777396200,up,0.505000,75.000000,0.593424,0.505000,0.088424,True,2026-04-28 17:20:37,0.000000,loss,-37.880000
200,2026-04-28 16:59:38,2098849,polymarket,btc,btc-updown-5m-1777396500,up,0.425000,75.000000,0.561234,0.425000,0.136234,True,2026-04-28 17:24:37,0.000000,loss,-31.880000
201,2026-04-28 17:06:38,2098940,polymarket,btc,btc-updown-5m-1777397100,down,0.465000,75.000000,0.442040,0.535000,0.092960,True,2026-04-28 17:34:37,1.000000,loss,-34.880000
202,2026-04-28 17:13:38,2098868,polymarket,btc,btc-updown-5m-1777396800,down,0.495000,75.000000,0.419033,0.505000,0.085967,True,2026-04-28 17:28:37,1.000000,loss,-37.120000
203,2026-04-28 17:35:38,2098995,polymarket,btc,btc-updown-5m-1777398000,up,0.505000,75.000000,0.588577,0.505000,0.083577,True,2026-04-28 17:50:37,1.000000,win,37.120000
204,2026-04-28 17:35:38,2099015,polymarket,btc,btc-updown-5m-1777398300,up,0.505000,75.000000,0.588577,0.505000,0.083577,True,2026-04-28 17:56:37,0.000000,loss,-37.880000
205,2026-04-28 17:53:38,2099045,polymarket,btc,btc-updown-5m-1777398900,down,0.495000,75.000000,0.418919,0.505000,0.086081,True,2026-04-28 18:06:37,1.000000,loss,-37.120000
206,2026-04-28 17:53:38,2099090,polymarket,btc,btc-updown-5m-1777399200,down,0.495000,75.000000,0.418919,0.505000,0.086081,True,2026-04-28 18:10:37,1.000000,loss,-37.120000
207,2026-04-28 18:00:39,2099163,polymarket,btc,btc-updown-5m-1777400100,down,0.455000,75.000000,0.449284,0.545000,0.095716,True,2026-04-28 18:26:37,1.000000,loss,-34.120000
208,2026-04-28 18:08:38,2099220,polymarket,btc,btc-updown-5m-1777400700,down,0.470000,75.000000,0.448391,0.530000,0.081609,True,2026-04-28 18:36:37,0.000000,win,39.750000
209,2026-04-28 18:42:38,2099530,polymarket,btc,btc-updown-5m-1777402500,down,0.455000,75.000000,0.453767,0.545000,0.091233,True,2026-04-28 19:04:37,1.000000,loss,-34.120000
210,2026-04-28 18:42:38,2099402,polymarket,btc,btc-updown-5m-1777401900,down,0.465000,75.000000,0.454367,0.535000,0.080633,True,2026-04-28 18:56:37,1.000000,loss,-34.880000
211,2026-04-29 00:54:38,2101162,polymarket,btc,btc-updown-5m-1777424100,up,0.485000,75.000000,0.589737,0.485000,0.104737,True,2026-04-29 01:04:37,0.000000,loss,-36.380000
212,2026-04-29 00:54:38,2101182,polymarket,btc,btc-updown-5m-1777424400,up,0.505000,75.000000,0.588537,0.505000,0.083537,True,2026-04-29 01:10:37,1.000000,win,37.120000
213,2026-04-29 01:08:38,2101200,polymarket,btc,btc-updown-5m-1777425000,down,0.495000,75.000000,0.403491,0.505000,0.101509,True,2026-04-29 01:20:37,1.000000,loss,-37.120000
214,2026-04-29 01:08:38,2101218,polymarket,btc,btc-updown-5m-1777425300,down,0.495000,75.000000,0.403491,0.505000,0.101509,True,2026-04-29 01:24:37,0.000000,win,37.880000
215,2026-04-29 01:10:38,2101232,polymarket,btc,btc-updown-5m-1777425600,down,0.495000,75.000000,0.411472,0.505000,0.093528,True,2026-04-29 01:30:37,0.000000,win,37.880000
216,2026-04-29 01:18:38,2101311,polymarket,btc,btc-updown-5m-1777425900,down,0.495000,75.000000,0.404977,0.505000,0.100023,True,2026-04-29 01:36:37,0.000000,win,37.880000
217,2026-04-29 01:20:38,2101321,polymarket,btc,btc-updown-5m-1777426200,down,0.495000,75.000000,0.404210,0.505000,0.100790,True,2026-04-29 01:40:37,1.000000,loss,-37.120000
218,2026-04-29 01:25:38,2101421,polymarket,btc,btc-updown-5m-1777426500,down,0.495000,75.000000,0.423604,0.505000,0.081396,True,2026-04-29 01:46:37,1.000000,loss,-37.120000
219,2026-04-29 01:30:38,2101424,polymarket,btc,btc-updown-5m-1777426800,down,0.495000,75.000000,0.414753,0.505000,0.090247,True,2026-04-29 01:50:37,1.000000,loss,-37.120000
220,2026-04-29 01:36:38,2101444,polymarket,btc,btc-updown-5m-1777427100,up,0.505000,75.000000,0.586091,0.505000,0.081091,True,2026-04-29 01:56:37,1.000000,win,37.120000
221,2026-04-29 01:42:38,2101449,polymarket,btc,btc-updown-5m-1777427400,up,0.505000,75.000000,0.587973,0.505000,0.082973,True,2026-04-29 02:00:37,0.000000,loss,-37.880000
222,2026-04-29 02:16:38,2101527,polymarket,btc,btc-updown-5m-1777429500,down,0.465000,75.000000,0.443516,0.535000,0.091484,True,2026-04-29 02:36:37,0.000000,win,40.120000
223,2026-04-29 02:23:38,2101547,polymarket,btc,btc-updown-5m-1777429800,down,0.495000,75.000000,0.411501,0.505000,0.093499,True,2026-04-29 02:42:37,0.000000,win,37.880000
224,2026-04-29 02:30:38,2101573,polymarket,btc,btc-updown-5m-1777430100,down,0.495000,75.000000,0.417810,0.505000,0.087190,True,2026-04-29 02:46:37,0.000000,win,37.880000
225,2026-04-29 02:30:38,2101577,polymarket,btc,btc-updown-5m-1777430400,down,0.495000,75.000000,0.417810,0.505000,0.087190,True,2026-04-29 02:52:37,0.000000,win,37.880000
226,2026-04-29 02:50:39,2101630,polymarket,btc,btc-updown-5m-1777431300,up,0.475000,75.000000,0.568761,0.475000,0.093761,True,2026-04-29 03:06:37,1.000000,win,39.380000
227,2026-04-29 03:12:39,2101688,polymarket,btc,btc-updown-5m-1777432500,up,0.485000,75.000000,0.567198,0.485000,0.082198,True,2026-04-29 03:22:37,1.000000,win,38.620000
228,2026-04-29 03:37:38,2101760,polymarket,btc,btc-updown-5m-1777434000,up,0.465000,75.000000,0.585003,0.465000,0.120003,True,2026-04-29 03:52:37,1.000000,win,40.120000
229,2026-04-29 03:37:38,2101774,polymarket,btc,btc-updown-5m-1777434300,up,0.485000,75.000000,0.583803,0.485000,0.098803,True,2026-04-29 03:52:37,0.000000,loss,-36.380000
230,2026-04-29 03:38:38,2101780,polymarket,btc,btc-updown-5m-1777434600,up,0.470000,75.000000,0.583236,0.470000,0.113236,True,2026-04-29 03:58:37,0.000000,loss,-35.250000
231,2026-04-29 03:45:38,2102077,polymarket,btc,btc-updown-5m-1777434900,up,0.505000,75.000000,0.586669,0.505000,0.081669,True,2026-04-29 04:02:37,1.000000,win,37.120000
232,2026-04-29 04:12:38,2102723,polymarket,btc,btc-updown-5m-1777436100,down,0.495000,75.000000,0.423457,0.505000,0.081543,True,2026-04-29 04:24:37,1.000000,loss,-37.120000
233,2026-04-29 04:12:38,2102735,polymarket,btc,btc-updown-5m-1777436400,down,0.495000,75.000000,0.423457,0.505000,0.081543,True,2026-04-29 04:28:37,1.000000,loss,-37.120000
234,2026-04-29 04:32:38,2102796,polymarket,btc,btc-updown-5m-1777437600,up,0.505000,75.000000,0.586265,0.505000,0.081265,True,2026-04-29 04:48:37,1.000000,win,37.120000
235,2026-04-29 04:32:38,2102808,polymarket,btc,btc-updown-5m-1777437900,up,0.505000,75.000000,0.586265,0.505000,0.081265,True,2026-04-29 04:54:37,0.000000,loss,-37.880000
236,2026-04-29 04:33:38,2102789,polymarket,btc,btc-updown-5m-1777437300,up,0.495000,75.000000,0.583778,0.495000,0.088778,True,2026-04-29 04:44:37,1.000000,win,37.880000
237,2026-04-29 04:49:38,2102819,polymarket,btc,btc-updown-5m-1777438200,up,0.465000,75.000000,0.564847,0.465000,0.099847,True,2026-04-29 04:58:37,0.000000,loss,-34.880000
238,2026-04-29 04:57:38,2102868,polymarket,btc,btc-updown-5m-1777439100,down,0.495000,75.000000,0.409877,0.505000,0.095123,True,2026-04-29 05:14:37,1.000000,loss,-37.120000
239,2026-04-29 04:57:38,2102871,polymarket,btc,btc-updown-5m-1777439400,down,0.495000,75.000000,0.409877,0.505000,0.095123,True,2026-04-29 05:20:37,0.000000,win,37.880000
240,2026-04-29 05:01:38,2102932,polymarket,btc,btc-updown-5m-1777440000,down,0.495000,75.000000,0.408798,0.505000,0.096202,True,2026-04-29 05:30:37,1.000000,loss,-37.120000
241,2026-04-29 06:15:38,2103130,polymarket,btc,btc-updown-5m-1777443600,down,0.495000,75.000000,0.424922,0.505000,0.080078,True,2026-04-29 06:28:37,0.000000,win,37.880000
242,2026-04-29 06:15:38,2103134,polymarket,btc,btc-updown-5m-1777443900,down,0.495000,75.000000,0.424922,0.505000,0.080078,True,2026-04-29 06:32:37,0.000000,win,37.880000
243,2026-04-29 06:16:38,2103144,polymarket,btc,btc-updown-5m-1777444200,down,0.475000,75.000000,0.416867,0.525000,0.108133,True,2026-04-29 06:42:37,0.000000,win,39.380000
244,2026-04-29 06:23:38,2103183,polymarket,btc,btc-updown-5m-1777444800,down,0.475000,75.000000,0.438085,0.525000,0.086915,True,2026-04-29 06:48:37,0.000000,win,39.380000
245,2026-04-29 06:35:38,2103195,polymarket,btc,btc-updown-5m-1777445100,down,0.495000,75.000000,0.422629,0.505000,0.082371,True,2026-04-29 06:52:37,1.000000,loss,-37.120000
246,2026-04-29 06:47:38,2103237,polymarket,btc,btc-updown-5m-1777446000,down,0.465000,75.000000,0.451914,0.535000,0.083086,True,2026-04-29 07:08:37,1.000000,loss,-34.880000
247,2026-04-29 06:52:38,2103219,polymarket,btc,btc-updown-5m-1777445700,down,0.495000,75.000000,0.418484,0.505000,0.086516,True,2026-04-29 07:04:37,1.000000,loss,-37.120000
248,2026-04-29 06:54:38,2103279,polymarket,btc,btc-updown-5m-1777446600,down,0.465000,75.000000,0.443213,0.535000,0.091787,True,2026-04-29 07:20:37,1.000000,loss,-34.880000
249,2026-04-29 07:31:38,2103541,polymarket,btc,btc-updown-5m-1777448100,up,0.505000,75.000000,0.585572,0.505000,0.080572,True,2026-04-29 07:44:37,0.000000,loss,-37.880000
250,2026-04-29 07:31:38,2103551,polymarket,btc,btc-updown-5m-1777448400,up,0.505000,75.000000,0.585572,0.505000,0.080572,True,2026-04-29 07:50:37,1.000000,win,37.120000
251,2026-04-29 07:46:38,2103593,polymarket,btc,btc-updown-5m-1777449000,down,0.495000,75.000000,0.402402,0.505000,0.102598,True,2026-04-29 08:00:37,0.000000,win,37.880000
252,2026-04-29 07:46:38,2103606,polymarket,btc,btc-updown-5m-1777449300,down,0.495000,75.000000,0.402402,0.505000,0.102598,True,2026-04-29 08:04:37,1.000000,loss,-37.120000
253,2026-04-29 07:54:38,2103637,polymarket,btc,btc-updown-5m-1777449900,down,0.485000,75.000000,0.426004,0.515000,0.088996,True,2026-04-29 08:14:37,0.000000,win,38.620000
254,2026-04-29 08:32:38,2103836,polymarket,btc,btc-updown-5m-1777451700,down,0.455000,75.000000,0.410292,0.545000,0.134708,True,2026-04-29 08:46:37,1.000000,loss,-34.120000
255,2026-04-29 08:32:38,2103843,polymarket,btc,btc-updown-5m-1777452000,down,0.495000,75.000000,0.412692,0.505000,0.092308,True,2026-04-29 08:50:37,1.000000,loss,-37.120000
256,2026-04-29 08:35:38,2103849,polymarket,btc,btc-updown-5m-1777452300,down,0.495000,75.000000,0.421889,0.505000,0.083111,True,2026-04-29 08:56:37,0.000000,win,37.880000
257,2026-04-29 09:52:38,2104178,polymarket,btc,btc-updown-5m-1777456500,up,0.480000,75.000000,0.576200,0.480000,0.096200,True,2026-04-29 10:02:37,0.000000,loss,-36.000000
258,2026-04-29 10:03:38,2104197,polymarket,btc,btc-updown-5m-1777457100,up,0.475000,75.000000,0.555724,0.475000,0.080724,True,2026-04-29 10:12:37,1.000000,win,39.380000
259,2026-04-29 10:09:38,2104204,polymarket,btc,btc-updown-5m-1777457400,up,0.480000,75.000000,0.581175,0.480000,0.101175,True,2026-04-29 10:18:37,0.000000,loss,-36.000000
260,2026-04-29 10:24:38,2104347,polymarket,btc,btc-updown-5m-1777458300,up,0.465000,75.000000,0.561060,0.465000,0.096060,True,2026-04-29 10:34:37,1.000000,win,40.120000
261,2026-04-29 10:29:38,2104356,polymarket,btc,btc-updown-5m-1777458600,up,0.465000,75.000000,0.565948,0.465000,0.100948,True,2026-04-29 10:40:37,0.000000,loss,-34.880000
262,2026-04-29 10:33:38,2104388,polymarket,btc,btc-updown-5m-1777458900,up,0.475000,75.000000,0.563652,0.475000,0.088652,True,2026-04-29 10:44:37,0.000000,loss,-35.620000
263,2026-04-29 10:37:38,2104404,polymarket,btc,btc-updown-5m-1777459500,down,0.495000,75.000000,0.423996,0.505000,0.081004,True,2026-04-29 10:54:37,1.000000,loss,-37.120000
264,2026-04-29 10:37:38,2104419,polymarket,btc,btc-updown-5m-1777459800,down,0.495000,75.000000,0.423996,0.505000,0.081004,True,2026-04-29 11:00:37,0.000000,win,37.880000
265,2026-04-29 10:38:38,2104430,polymarket,btc,btc-updown-5m-1777460100,down,0.495000,75.000000,0.421322,0.505000,0.083678,True,2026-04-29 11:04:37,0.000000,win,37.880000
266,2026-04-29 11:09:38,2104460,polymarket,btc,btc-updown-5m-1777461000,down,0.495000,75.000000,0.412125,0.505000,0.092875,True,2026-04-29 11:20:37,1.000000,loss,-37.120000
267,2026-04-29 11:09:38,2104472,polymarket,btc,btc-updown-5m-1777461300,down,0.495000,75.000000,0.412125,0.505000,0.092875,True,2026-04-29 11:26:37,0.000000,win,37.880000
268,2026-04-29 11:35:38,2104742,polymarket,btc,btc-updown-5m-1777463100,up,0.485000,75.000000,0.586667,0.485000,0.101667,True,2026-04-29 11:56:37,1.000000,win,38.620000
269,2026-04-29 11:35:38,2104970,polymarket,btc,btc-updown-5m-1777464000,up,0.500000,75.000000,0.585767,0.500000,0.085767,True,2026-04-29 12:08:37,0.000000,loss,-37.500000
270,2026-04-29 11:37:38,2104680,polymarket,btc,btc-updown-5m-1777462800,up,0.505000,75.000000,0.588032,0.505000,0.083032,True,2026-04-29 11:50:37,0.000000,loss,-37.880000
271,2026-04-29 11:51:38,2104956,polymarket,btc,btc-updown-5m-1777463700,down,0.495000,75.000000,0.420168,0.505000,0.084832,True,2026-04-29 12:06:37,1.000000,loss,-37.120000
272,2026-04-29 11:51:38,2104989,polymarket,btc,btc-updown-5m-1777464300,down,0.495000,75.000000,0.420168,0.505000,0.084832,True,2026-04-29 12:12:37,0.000000,win,37.880000
273,2026-04-29 12:04:38,2104995,polymarket,btc,btc-updown-5m-1777464600,down,0.495000,75.000000,0.417197,0.505000,0.087803,True,2026-04-29 12:18:37,0.000000,win,37.880000
274,2026-04-29 12:04:38,2105004,polymarket,btc,btc-updown-5m-1777464900,down,0.500000,75.000000,0.417497,0.500000,0.082503,True,2026-04-29 12:26:37,0.000000,win,37.500000
275,2026-04-29 12:07:38,2105152,polymarket,btc,btc-updown-5m-1777465800,down,0.495000,75.000000,0.423449,0.505000,0.081551,True,2026-04-29 12:40:37,0.000000,win,37.880000
276,2026-04-29 12:14:38,2105016,polymarket,btc,btc-updown-5m-1777465200,down,0.495000,75.000000,0.410070,0.505000,0.094930,True,2026-04-29 12:30:37,0.000000,win,37.880000
277,2026-04-29 12:16:38,2105137,polymarket,btc,btc-updown-5m-1777465500,down,0.495000,75.000000,0.405187,0.505000,0.099813,True,2026-04-29 12:34:37,1.000000,loss,-37.120000
278,2026-04-29 12:26:38,2105181,polymarket,btc,btc-updown-5m-1777466100,down,0.495000,75.000000,0.415350,0.505000,0.089650,True,2026-04-29 12:46:37,1.000000,loss,-37.120000
279,2026-04-29 12:30:38,2105185,polymarket,btc,btc-updown-5m-1777466400,down,0.495000,75.000000,0.410611,0.505000,0.094389,True,2026-04-29 12:50:37,1.000000,loss,-37.120000
280,2026-04-29 12:35:38,2105211,polymarket,btc,btc-updown-5m-1777466700,down,0.495000,75.000000,0.424182,0.505000,0.080818,True,2026-04-29 12:52:37,0.000000,win,37.880000
281,2026-04-29 13:06:38,2105342,polymarket,btc,btc-updown-5m-1777468200,down,0.495000,75.000000,0.418810,0.505000,0.086190,True,2026-04-29 13:22:37,1.000000,loss,-37.120000
282,2026-04-29 13:06:38,2105358,polymarket,btc,btc-updown-5m-1777468500,down,0.495000,75.000000,0.418810,0.505000,0.086190,True,2026-04-29 13:26:37,0.000000,win,37.880000
283,2026-04-29 13:22:39,2105552,polymarket,btc,btc-updown-5m-1777469100,down,0.495000,75.000000,0.423359,0.505000,0.081641,True,2026-04-29 13:34:37,0.000000,win,37.880000
284,2026-04-29 13:22:39,2105568,polymarket,btc,btc-updown-5m-1777469400,down,0.495000,75.000000,0.423359,0.505000,0.081641,True,2026-04-29 13:40:37,0.000000,win,37.880000
285,2026-04-29 13:26:38,2105893,polymarket,btc,btc-updown-5m-1777469700,down,0.495000,75.000000,0.406413,0.505000,0.098587,True,2026-04-29 13:46:37,1.000000,loss,-37.120000
286,2026-04-29 13:30:38,2105901,polymarket,btc,btc-updown-5m-1777470000,down,0.495000,75.000000,0.409349,0.505000,0.095651,True,2026-04-29 13:50:37,0.000000,win,37.880000
287,2026-04-29 13:35:38,2105907,polymarket,btc,btc-updown-5m-1777470300,down,0.495000,75.000000,0.413091,0.505000,0.091909,True,2026-04-29 13:56:37,1.000000,loss,-37.120000
288,2026-04-29 13:40:38,2105926,polymarket,btc,btc-updown-5m-1777470600,down,0.495000,75.000000,0.424845,0.505000,0.080155,True,2026-04-29 14:00:37,1.000000,loss,-37.120000
289,2026-04-29 13:45:38,2105943,polymarket,btc,btc-updown-5m-1777470900,down,0.495000,75.000000,0.414055,0.505000,0.090945,True,2026-04-29 14:06:37,0.000000,win,37.880000
290,2026-04-29 13:53:38,2105953,polymarket,btc,btc-updown-5m-1777471200,up,0.505000,75.000000,0.602042,0.505000,0.097042,True,2026-04-29 14:10:37,0.000000,loss,-37.880000
291,2026-04-29 13:53:38,2105972,polymarket,btc,btc-updown-5m-1777471500,up,0.505000,75.000000,0.602042,0.505000,0.097042,True,2026-04-29 14:16:37,0.000000,loss,-37.880000
292,2026-04-29 14:02:39,2105983,polymarket,btc,btc-updown-5m-1777471800,down,0.495000,75.000000,0.412069,0.505000,0.092931,True,2026-04-29 14:20:37,0.000000,win,37.880000
293,2026-04-29 14:05:38,2105999,polymarket,btc,btc-updown-5m-1777472100,down,0.495000,75.000000,0.398878,0.505000,0.106122,True,2026-04-29 14:28:37,1.000000,loss,-37.120000
294,2026-04-29 14:10:38,2106011,polymarket,btc,btc-updown-5m-1777472400,down,0.495000,75.000000,0.422320,0.505000,0.082680,True,2026-04-29 14:30:37,1.000000,loss,-37.120000
295,2026-04-29 14:15:38,2106176,polymarket,btc,btc-updown-5m-1777472700,down,0.495000,75.000000,0.404134,0.505000,0.100866,True,2026-04-29 14:38:37,1.000000,loss,-37.120000
296,2026-04-29 14:26:38,2106265,polymarket,btc,btc-updown-5m-1777473300,up,0.505000,75.000000,0.600128,0.505000,0.095128,True,2026-04-29 14:44:37,1.000000,win,37.120000
297,2026-04-29 14:26:38,2106271,polymarket,btc,btc-updown-5m-1777473600,up,0.505000,75.000000,0.600128,0.505000,0.095128,True,2026-04-29 14:50:37,0.000000,loss,-37.880000
298,2026-04-29 14:36:38,2106328,polymarket,btc,btc-updown-5m-1777473900,up,0.505000,75.000000,0.594786,0.505000,0.089786,True,2026-04-29 14:56:37,0.000000,loss,-37.880000
299,2026-04-29 14:43:38,2106344,polymarket,btc,btc-updown-5m-1777474200,down,0.495000,75.000000,0.396018,0.505000,0.108982,True,2026-04-29 15:02:37,1.000000,loss,-37.120000
300,2026-04-29 14:45:38,2106362,polymarket,btc,btc-updown-5m-1777474500,down,0.495000,75.000000,0.399095,0.505000,0.105905,True,2026-04-29 15:04:37,0.000000,win,37.880000
301,2026-04-29 14:50:38,2106376,polymarket,btc,btc-updown-5m-1777474800,down,0.495000,75.000000,0.407298,0.505000,0.097702,True,2026-04-29 15:08:37,0.000000,win,37.880000
302,2026-04-29 15:02:38,2106390,polymarket,btc,btc-updown-5m-1777475100,down,0.495000,75.000000,0.417586,0.505000,0.087414,True,2026-04-29 15:14:37,0.000000,win,37.880000
303,2026-04-29 15:02:38,2106395,polymarket,btc,btc-updown-5m-1777475400,down,0.495000,75.000000,0.417586,0.505000,0.087414,True,2026-04-29 15:20:37,0.000000,win,37.880000
304,2026-04-29 15:05:38,2106411,polymarket,btc,btc-updown-5m-1777475700,down,0.495000,75.000000,0.405373,0.505000,0.099627,True,2026-04-29 15:28:37,0.000000,win,37.880000
305,2026-04-29 15:10:38,2106434,polymarket,btc,btc-updown-5m-1777476000,down,0.495000,75.000000,0.414892,0.505000,0.090108,True,2026-04-29 15:30:37,1.000000,loss,-37.120000
306,2026-04-29 15:15:38,2106871,polymarket,btc,btc-updown-5m-1777476300,down,0.495000,75.000000,0.421346,0.505000,0.083654,True,2026-04-29 15:46:37,0.000000,win,37.880000
307,2026-04-29 15:21:38,2106881,polymarket,btc,btc-updown-5m-1777476600,down,0.495000,75.000000,0.413073,0.505000,0.091927,True,2026-04-29 15:44:37,1.000000,loss,-37.120000
308,2026-04-29 15:37:39,2106937,polymarket,btc,btc-updown-5m-1777477200,down,0.495000,75.000000,0.410739,0.505000,0.094261,True,2026-04-29 15:50:37,0.000000,win,37.880000
309,2026-04-29 15:37:39,2106953,polymarket,btc,btc-updown-5m-1777477500,down,0.495000,75.000000,0.410739,0.505000,0.094261,True,2026-04-29 16:00:37,1.000000,loss,-37.120000
310,2026-04-29 15:40:38,2106957,polymarket,btc,btc-updown-5m-1777477800,down,0.495000,75.000000,0.409350,0.505000,0.095650,True,2026-04-29 16:00:37,0.000000,win,37.880000
311,2026-04-29 15:45:39,2107181,polymarket,btc,btc-updown-5m-1777478100,down,0.495000,75.000000,0.414964,0.505000,0.090036,True,2026-04-29 16:08:37,1.000000,loss,-37.120000
312,2026-04-29 15:51:38,2107218,polymarket,btc,btc-updown-5m-1777478400,down,0.495000,75.000000,0.410169,0.505000,0.094831,True,2026-04-29 16:12:37,1.000000,loss,-37.120000
313,2026-04-29 15:53:38,2107281,polymarket,btc,btc-updown-5m-1777478700,down,0.495000,75.000000,0.412590,0.505000,0.092410,True,2026-04-29 16:14:37,0.000000,win,37.880000
314,2026-04-29 16:06:38,2107293,polymarket,btc,btc-updown-5m-1777479000,up,0.505000,75.000000,0.601956,0.505000,0.096956,True,2026-04-29 16:22:37,0.000000,loss,-37.880000
315,2026-04-29 16:06:38,2107303,polymarket,btc,btc-updown-5m-1777479300,up,0.505000,75.000000,0.601956,0.505000,0.096956,True,2026-04-29 16:26:37,0.000000,loss,-37.880000
316,2026-04-29 16:10:39,2107323,polymarket,btc,btc-updown-5m-1777479600,up,0.505000,75.000000,0.596455,0.505000,0.091455,True,2026-04-29 16:32:37,0.000000,loss,-37.880000
317,2026-04-29 16:15:38,2107722,polymarket,btc,btc-updown-5m-1777479900,up,0.505000,75.000000,0.592524,0.505000,0.087524,True,2026-04-29 16:34:37,1.000000,win,37.120000
318,2026-04-29 16:20:38,2107728,polymarket,btc,btc-updown-5m-1777480200,down,0.495000,75.000000,0.401589,0.505000,0.103411,True,2026-04-29 16:42:37,1.000000,loss,-37.120000
319,2026-04-29 16:23:38,2107853,polymarket,btc,btc-updown-5m-1777480500,down,0.495000,75.000000,0.403850,0.505000,0.101150,True,2026-04-29 16:44:37,1.000000,loss,-37.120000
320,2026-04-29 16:37:39,2107881,polymarket,btc,btc-updown-5m-1777480800,down,0.485000,75.000000,0.408199,0.515000,0.106801,True,2026-04-29 16:48:37,1.000000,loss,-36.380000
321,2026-04-29 16:37:39,2107909,polymarket,btc,btc-updown-5m-1777481100,down,0.495000,75.000000,0.408799,0.505000,0.096201,True,2026-04-29 17:00:37,0.000000,win,37.880000
322,2026-04-29 16:51:38,2107950,polymarket,btc,btc-updown-5m-1777481700,down,0.495000,75.000000,0.417531,0.505000,0.087469,True,2026-04-29 17:10:37,0.000000,win,37.880000
323,2026-04-29 16:51:38,2107959,polymarket,btc,btc-updown-5m-1777482000,down,0.495000,75.000000,0.417531,0.505000,0.087469,True,2026-04-29 17:10:37,1.000000,loss,-37.120000
324,2026-04-29 17:02:39,2107987,polymarket,btc,btc-updown-5m-1777482300,up,0.505000,75.000000,0.598926,0.505000,0.093926,True,2026-04-29 17:14:37,0.000000,loss,-37.880000
325,2026-04-29 17:02:39,2107995,polymarket,btc,btc-updown-5m-1777482600,up,0.505000,75.000000,0.598926,0.505000,0.093926,True,2026-04-29 17:20:37,0.000000,loss,-37.880000
326,2026-04-29 17:03:38,2108011,polymarket,btc,btc-updown-5m-1777482900,up,0.505000,75.000000,0.593405,0.505000,0.088405,True,2026-04-29 17:24:37,1.000000,win,37.120000
327,2026-04-29 17:20:38,2108493,polymarket,btc,btc-updown-5m-1777483500,up,0.505000,75.000000,0.593613,0.505000,0.088613,True,2026-04-29 17:34:37,0.000000,loss,-37.880000
328,2026-04-29 17:20:38,2108539,polymarket,btc,btc-updown-5m-1777483800,up,0.505000,75.000000,0.593613,0.505000,0.088613,True,2026-04-29 17:38:37,1.000000,win,37.120000
329,2026-04-29 17:28:38,2108566,polymarket,btc,btc-updown-5m-1777484100,down,0.495000,75.000000,0.398342,0.505000,0.106658,True,2026-04-29 17:44:37,1.000000,loss,-37.120000
330,2026-04-29 17:30:38,2108860,polymarket,btc,btc-updown-5m-1777485300,down,0.480000,75.000000,0.410243,0.520000,0.109757,True,2026-04-29 18:08:37,1.000000,loss,-36.000000
331,2026-04-29 18:01:38,2108948,polymarket,btc,btc-updown-5m-1777485900,up,0.505000,75.000000,0.590592,0.505000,0.085592,True,2026-04-29 18:14:37,0.000000,loss,-37.880000
332,2026-04-29 18:01:38,2108960,polymarket,btc,btc-updown-5m-1777486200,up,0.505000,75.000000,0.590592,0.505000,0.085592,True,2026-04-29 18:22:37,1.000000,win,37.120000
333,2026-04-29 18:05:39,2109014,polymarket,btc,btc-updown-5m-1777486500,down,0.495000,75.000000,0.397565,0.505000,0.107435,True,2026-04-29 18:26:37,0.000000,win,37.880000
334,2026-04-29 18:10:38,2109067,polymarket,btc,btc-updown-5m-1777486800,down,0.495000,75.000000,0.424700,0.505000,0.080300,True,2026-04-29 18:30:37,1.000000,loss,-37.120000
335,2026-04-29 18:15:38,2109447,polymarket,btc,btc-updown-5m-1777487100,down,0.495000,75.000000,0.413571,0.505000,0.091429,True,2026-04-29 18:38:37,0.000000,win,37.880000
336,2026-04-29 18:20:38,2109470,polymarket,btc,btc-updown-5m-1777487400,down,0.495000,75.000000,0.409231,0.505000,0.095769,True,2026-04-29 18:42:37,0.000000,win,37.880000
337,2026-04-29 18:29:38,2109552,polymarket,btc,btc-updown-5m-1777487700,down,0.495000,75.000000,0.406197,0.505000,0.098803,True,2026-04-29 18:46:39,1.000000,loss,-37.120000
338,2026-04-29 18:30:38,2109562,polymarket,btc,btc-updown-5m-1777488000,down,0.495000,75.000000,0.408254,0.505000,0.096746,True,2026-04-29 18:48:37,0.000000,win,37.880000
339,2026-04-29 18:37:39,2109581,polymarket,btc,btc-updown-5m-1777488300,up,0.505000,75.000000,0.598307,0.505000,0.093307,True,2026-04-29 18:52:37,1.000000,win,37.120000
340,2026-04-29 18:47:40,2109594,polymarket,btc,btc-updown-5m-1777488600,up,0.505000,75.000000,0.587881,0.505000,0.082881,True,2026-04-29 18:58:37,1.000000,win,37.120000
341,2026-04-29 18:47:40,2109815,polymarket,btc,btc-updown-5m-1777488900,up,0.505000,75.000000,0.587881,0.505000,0.082881,True,2026-04-29 19:02:37,1.000000,win,37.120000
342,2026-04-29 18:50:38,2109860,polymarket,btc,btc-updown-5m-1777489200,up,0.505000,75.000000,0.597901,0.505000,0.092901,True,2026-04-29 19:10:37,1.000000,win,37.120000
343,2026-04-29 18:53:38,2109880,polymarket,btc,btc-updown-5m-1777489500,up,0.505000,75.000000,0.598521,0.505000,0.093521,True,2026-04-29 19:14:37,0.000000,loss,-37.880000
344,2026-04-29 19:01:38,2109885,polymarket,btc,btc-updown-5m-1777489800,up,0.505000,75.000000,0.588669,0.505000,0.083669,True,2026-04-29 19:22:37,1.000000,win,37.120000
345,2026-04-29 19:10:38,2109905,polymarket,btc,btc-updown-5m-1777490100,down,0.495000,75.000000,0.421193,0.505000,0.083807,True,2026-04-29 19:24:37,0.000000,win,37.880000
346,2026-04-29 19:10:38,2109950,polymarket,btc,btc-updown-5m-1777490400,down,0.495000,75.000000,0.421193,0.505000,0.083807,True,2026-04-29 19:32:37,1.000000,loss,-37.120000
347,2026-04-29 19:30:38,2110130,polymarket,btc,btc-updown-5m-1777491300,down,0.495000,75.000000,0.423566,0.505000,0.081434,True,2026-04-29 19:44:37,1.000000,loss,-37.120000
348,2026-04-29 19:30:38,2110137,polymarket,btc,btc-updown-5m-1777491600,down,0.495000,75.000000,0.423566,0.505000,0.081434,True,2026-04-29 19:50:37,1.000000,loss,-37.120000
349,2026-04-29 19:35:38,2110183,polymarket,btc,btc-updown-5m-1777491900,down,0.495000,75.000000,0.423425,0.505000,0.081575,True,2026-04-29 19:54:37,1.000000,loss,-37.120000
350,2026-04-29 19:49:38,2110189,polymarket,btc,btc-updown-5m-1777492200,up,0.505000,75.000000,0.598087,0.505000,0.093087,True,2026-04-29 20:02:37,1.000000,win,37.120000
351,2026-04-29 19:49:38,2110244,polymarket,btc,btc-updown-5m-1777492500,up,0.505000,75.000000,0.598087,0.505000,0.093087,True,2026-04-29 20:04:37,1.000000,win,37.120000
352,2026-04-29 20:00:38,2110292,polymarket,btc,btc-updown-5m-1777493100,up,0.505000,75.000000,0.587119,0.505000,0.082119,True,2026-04-29 20:16:37,0.000000,loss,-37.880000
353,2026-04-29 20:00:38,2110300,polymarket,btc,btc-updown-5m-1777493400,up,0.505000,75.000000,0.587119,0.505000,0.082119,True,2026-04-29 20:22:37,0.000000,loss,-37.880000
354,2026-04-29 20:06:38,2110310,polymarket,btc,btc-updown-5m-1777493700,up,0.505000,75.000000,0.587944,0.505000,0.082944,True,2026-04-29 20:26:37,1.000000,win,37.120000
355,2026-04-29 20:10:38,2110326,polymarket,btc,btc-updown-5m-1777494000,up,0.505000,75.000000,0.596543,0.505000,0.091543,True,2026-04-29 20:32:37,0.000000,loss,-37.880000
356,2026-04-29 20:14:38,2110366,polymarket,btc,btc-updown-5m-1777494300,down,0.495000,75.000000,0.405970,0.505000,0.099030,True,2026-04-29 20:36:37,1.000000,loss,-37.120000
357,2026-04-29 20:29:38,2110407,polymarket,btc,btc-updown-5m-1777494900,up,0.495000,75.000000,0.575475,0.495000,0.080475,True,2026-04-29 20:46:37,1.000000,win,37.880000
358,2026-04-29 20:37:38,2110415,polymarket,btc,btc-updown-5m-1777495200,up,0.505000,75.000000,0.589915,0.505000,0.084915,True,2026-04-29 20:50:37,1.000000,win,37.120000
359,2026-04-29 20:37:38,2110422,polymarket,btc,btc-updown-5m-1777495500,up,0.505000,75.000000,0.589915,0.505000,0.084915,True,2026-04-29 20:54:37,0.000000,loss,-37.880000
360,2026-04-29 20:46:39,2110438,polymarket,btc,btc-updown-5m-1777495800,up,0.505000,75.000000,0.587563,0.505000,0.082563,True,2026-04-29 21:02:37,1.000000,win,37.120000
361,2026-04-29 20:46:39,2110501,polymarket,btc,btc-updown-5m-1777496100,up,0.505000,75.000000,0.587563,0.505000,0.082563,True,2026-04-29 21:04:37,0.000000,loss,-37.880000
362,2026-04-29 20:59:38,2110514,polymarket,btc,btc-updown-5m-1777496400,down,0.495000,75.000000,0.411573,0.505000,0.093427,True,2026-04-29 21:12:37,0.000000,win,37.880000
363,2026-04-29 20:59:38,2110537,polymarket,btc,btc-updown-5m-1777496700,down,0.495000,75.000000,0.411573,0.505000,0.093427,True,2026-04-29 21:18:37,1.000000,loss,-37.120000
364,2026-04-29 21:00:38,2110548,polymarket,btc,btc-updown-5m-1777497000,down,0.495000,75.000000,0.405024,0.505000,0.099976,True,2026-04-29 21:22:37,1.000000,loss,-37.120000
365,2026-04-29 21:06:38,2110558,polymarket,btc,btc-updown-5m-1777497300,down,0.490000,75.000000,0.411860,0.510000,0.098140,True,2026-04-29 21:24:37,1.000000,loss,-36.750000
366,2026-04-29 21:13:38,2110570,polymarket,btc,btc-updown-5m-1777497600,up,0.505000,75.000000,0.595307,0.505000,0.090307,True,2026-04-29 21:30:37,1.000000,win,37.120000
367,2026-04-29 21:15:38,2110581,polymarket,btc,btc-updown-5m-1777497900,up,0.505000,75.000000,0.595684,0.505000,0.090684,True,2026-04-29 21:32:37,0.000000,loss,-37.880000
368,2026-04-29 21:19:38,2110590,polymarket,btc,btc-updown-5m-1777498200,up,0.505000,75.000000,0.587079,0.505000,0.082079,True,2026-04-29 21:42:37,1.000000,win,37.120000
369,2026-04-29 21:49:38,2110658,polymarket,btc,btc-updown-5m-1777499400,up,0.465000,75.000000,0.564956,0.465000,0.099956,True,2026-04-29 22:00:37,1.000000,win,40.120000
370,2026-04-29 22:00:40,2110726,polymarket,btc,btc-updown-5m-1777500600,down,0.485000,75.000000,0.406439,0.515000,0.108561,True,2026-04-29 22:18:37,1.000000,loss,-36.380000
371,2026-04-29 22:00:40,2110723,polymarket,btc,btc-updown-5m-1777500300,down,0.490000,75.000000,0.406739,0.510000,0.103261,True,2026-04-29 22:14:37,0.000000,win,38.250000
372,2026-04-29 22:02:38,2110735,polymarket,btc,btc-updown-5m-1777500900,down,0.480000,75.000000,0.435301,0.520000,0.084699,True,2026-04-29 22:28:37,1.000000,loss,-36.000000
373,2026-04-29 22:02:38,2110795,polymarket,btc,btc-updown-5m-1777501500,down,0.480000,75.000000,0.435301,0.520000,0.084699,True,2026-04-29 22:38:37,0.000000,win,39.000000
374,2026-04-29 22:27:38,2110811,polymarket,btc,btc-updown-5m-1777501800,down,0.495000,75.000000,0.424746,0.505000,0.080254,True,2026-04-29 22:42:37,1.000000,loss,-37.120000
375,2026-04-29 22:27:38,2110853,polymarket,btc,btc-updown-5m-1777502100,down,0.495000,75.000000,0.424746,0.505000,0.080254,True,2026-04-29 22:44:37,1.000000,loss,-37.120000
376,2026-04-29 23:21:38,2111051,polymarket,btc,btc-updown-5m-1777505100,down,0.495000,75.000000,0.418774,0.505000,0.086226,True,2026-04-29 23:36:37,1.000000,loss,-37.120000
377,2026-04-29 23:21:38,2111058,polymarket,btc,btc-updown-5m-1777505400,down,0.495000,75.000000,0.418774,0.505000,0.086226,True,2026-04-29 23:38:37,1.000000,loss,-37.120000
378,2026-04-29 23:25:38,2111091,polymarket,btc,btc-updown-5m-1777505700,down,0.495000,75.000000,0.414434,0.505000,0.090566,True,2026-04-29 23:42:37,1.000000,loss,-37.120000
379,2026-04-29 23:40:38,2111126,polymarket,btc,btc-updown-5m-1777506300,up,0.505000,75.000000,0.587919,0.505000,0.082919,True,2026-04-29 23:56:37,0.000000,loss,-37.880000
380,2026-04-29 23:40:38,2111138,polymarket,btc,btc-updown-5m-1777506600,up,0.505000,75.000000,0.587919,0.505000,0.082919,True,2026-04-29 23:58:37,1.000000,win,37.120000
381,2026-04-30 00:13:38,2111215,polymarket,btc,btc-updown-5m-1777508100,down,0.495000,75.000000,0.421095,0.505000,0.083905,True,2026-04-30 00:26:37,1.000000,loss,-37.120000
382,2026-04-30 00:13:38,2111229,polymarket,btc,btc-updown-5m-1777508400,down,0.495000,75.000000,0.421095,0.505000,0.083905,True,2026-04-30 00:30:37,1.000000,loss,-37.120000
383,2026-04-30 00:15:42,2111240,polymarket,btc,btc-updown-5m-1777508700,down,0.495000,75.000000,0.411270,0.505000,0.093730,True,2026-04-30 00:34:37,1.000000,loss,-37.120000
384,2026-04-30 00:30:39,2111290,polymarket,btc,btc-updown-5m-1777509300,up,0.505000,75.000000,0.590049,0.505000,0.085049,True,2026-04-30 00:46:37,1.000000,win,37.120000
385,2026-04-30 00:30:39,2111299,polymarket,btc,btc-updown-5m-1777509600,up,0.505000,75.000000,0.590049,0.505000,0.085049,True,2026-04-30 00:50:37,0.000000,loss,-37.880000
386,2026-04-30 00:35:38,2111318,polymarket,btc,btc-updown-5m-1777509900,up,0.505000,75.000000,0.586198,0.505000,0.081198,True,2026-04-30 00:54:37,1.000000,win,37.120000
387,2026-04-30 00:41:38,2111331,polymarket,btc,btc-updown-5m-1777510200,up,0.505000,75.000000,0.585582,0.505000,0.080582,True,2026-04-30 01:02:37,1.000000,win,37.120000
388,2026-04-30 00:47:38,2111344,polymarket,btc,btc-updown-5m-1777510500,up,0.505000,75.000000,0.590511,0.505000,0.085511,True,2026-04-30 01:06:37,0.000000,loss,-37.880000
389,2026-04-30 00:53:38,2111358,polymarket,btc,btc-updown-5m-1777510800,up,0.505000,75.000000,0.585176,0.505000,0.080176,True,2026-04-30 01:12:37,0.000000,loss,-37.880000
390,2026-04-30 01:28:38,2111457,polymarket,btc,btc-updown-5m-1777512600,up,0.505000,75.000000,0.592680,0.505000,0.087680,True,2026-04-30 01:38:37,1.000000,win,37.120000
391,2026-04-30 01:28:38,2111498,polymarket,btc,btc-updown-5m-1777512900,up,0.505000,75.000000,0.592680,0.505000,0.087680,True,2026-04-30 01:46:37,0.000000,loss,-37.880000
392,2026-04-30 01:58:38,2111611,polymarket,btc,btc-updown-5m-1777514700,down,0.495000,75.000000,0.412374,0.505000,0.092626,True,2026-04-30 02:14:37,1.000000,loss,-37.120000
393,2026-04-30 01:58:38,2111618,polymarket,btc,btc-updown-5m-1777515000,down,0.495000,75.000000,0.412374,0.505000,0.092626,True,2026-04-30 02:22:37,1.000000,loss,-37.120000
394,2026-04-30 02:07:38,2111629,polymarket,btc,btc-updown-5m-1777515300,down,0.495000,75.000000,0.411229,0.505000,0.093771,True,2026-04-30 02:24:37,0.000000,win,37.880000
395,2026-04-30 02:20:38,2111650,polymarket,btc,btc-updown-5m-1777515900,down,0.495000,75.000000,0.402932,0.505000,0.102068,True,2026-04-30 02:34:37,0.000000,win,37.880000
396,2026-04-30 02:20:38,2111670,polymarket,btc,btc-updown-5m-1777516200,down,0.495000,75.000000,0.402932,0.505000,0.102068,True,2026-04-30 02:42:37,0.000000,win,37.880000
397,2026-04-30 02:27:38,2111697,polymarket,btc,btc-updown-5m-1777516500,down,0.495000,75.000000,0.415788,0.505000,0.089212,True,2026-04-30 02:46:37,0.000000,win,37.880000
398,2026-04-30 02:30:38,2111703,polymarket,btc,btc-updown-5m-1777516800,down,0.495000,75.000000,0.413591,0.505000,0.091409,True,2026-04-30 02:50:37,1.000000,loss,-37.120000
399,2026-04-30 02:37:38,2111711,polymarket,btc,btc-updown-5m-1777517100,down,0.495000,75.000000,0.411670,0.505000,0.093330,True,2026-04-30 02:56:37,0.000000,win,37.880000
400,2026-04-30 02:40:38,2111726,polymarket,btc,btc-updown-5m-1777517400,down,0.495000,75.000000,0.414499,0.505000,0.090501,True,2026-04-30 03:00:37,1.000000,loss,-37.120000
401,2026-04-30 02:45:38,2111829,polymarket,btc,btc-updown-5m-1777517700,down,0.495000,75.000000,0.410510,0.505000,0.094490,True,2026-04-30 03:04:37,0.000000,win,37.880000
402,2026-04-30 03:03:38,2111871,polymarket,btc,btc-updown-5m-1777518300,up,0.505000,75.000000,0.590869,0.505000,0.085869,True,2026-04-30 03:16:37,1.000000,win,37.120000
403,2026-04-30 03:03:38,2111883,polymarket,btc,btc-updown-5m-1777518600,up,0.505000,75.000000,0.590869,0.505000,0.085869,True,2026-04-30 03:18:37,1.000000,win,37.120000
404,2026-04-30 03:39:38,2111978,polymarket,btc,btc-updown-5m-1777520400,up,0.505000,75.000000,0.587452,0.505000,0.082452,True,2026-04-30 03:48:37,0.000000,loss,-37.880000
405,2026-04-30 03:39:38,2112011,polymarket,btc,btc-updown-5m-1777520700,up,0.505000,75.000000,0.587452,0.505000,0.082452,True,2026-04-30 03:56:37,0.000000,loss,-37.880000
406,2026-04-30 04:03:38,2112844,polymarket,btc,btc-updown-5m-1777521900,down,0.495000,75.000000,0.422016,0.505000,0.082984,True,2026-04-30 04:16:37,0.000000,win,37.880000
407,2026-04-30 04:03:38,2112853,polymarket,btc,btc-updown-5m-1777522200,down,0.495000,75.000000,0.422016,0.505000,0.082984,True,2026-04-30 04:20:37,0.000000,win,37.880000
408,2026-04-30 04:05:38,2112858,polymarket,btc,btc-updown-5m-1777522500,down,0.495000,75.000000,0.418713,0.505000,0.086287,True,2026-04-30 04:26:37,0.000000,win,37.880000
409,2026-04-30 04:19:38,2112875,polymarket,btc,btc-updown-5m-1777522800,down,0.495000,75.000000,0.416855,0.505000,0.088145,True,2026-04-30 04:28:37,0.000000,win,37.880000
410,2026-04-30 04:19:38,2112885,polymarket,btc,btc-updown-5m-1777523100,down,0.495000,75.000000,0.416855,0.505000,0.088145,True,2026-04-30 04:32:37,0.000000,win,37.880000
411,2026-04-30 04:20:38,2112893,polymarket,btc,btc-updown-5m-1777523400,down,0.495000,75.000000,0.421882,0.505000,0.083118,True,2026-04-30 04:38:37,0.000000,win,37.880000
412,2026-04-30 04:31:38,2112921,polymarket,btc,btc-updown-5m-1777523700,down,0.495000,75.000000,0.419826,0.505000,0.085174,True,2026-04-30 04:44:37,0.000000,win,37.880000
413,2026-04-30 04:31:38,2112931,polymarket,btc,btc-updown-5m-1777524000,down,0.495000,75.000000,0.419826,0.505000,0.085174,True,2026-04-30 04:48:37,0.000000,win,37.880000
414,2026-04-30 04:37:38,2112946,polymarket,btc,btc-updown-5m-1777524300,down,0.495000,75.000000,0.423030,0.505000,0.081970,True,2026-04-30 04:54:37,1.000000,loss,-37.120000
415,2026-04-30 04:41:38,2112952,polymarket,btc,btc-updown-5m-1777524600,down,0.495000,75.000000,0.421168,0.505000,0.083832,True,2026-04-30 04:58:37,0.000000,win,37.880000
416,2026-04-30 05:09:38,2113102,polymarket,btc,btc-updown-5m-1777525800,up,0.495000,75.000000,0.585831,0.495000,0.090831,True,2026-04-30 05:18:37,1.000000,win,37.880000
417,2026-04-30 05:09:38,2113144,polymarket,btc,btc-updown-5m-1777526100,up,0.505000,75.000000,0.585231,0.505000,0.080231,True,2026-04-30 05:24:37,0.000000,loss,-37.880000
418,2026-04-30 05:26:38,2113189,polymarket,btc,btc-updown-5m-1777527000,down,0.495000,75.000000,0.407955,0.505000,0.097045,True,2026-04-30 05:42:37,1.000000,loss,-37.120000
419,2026-04-30 05:26:38,2113226,polymarket,btc,btc-updown-5m-1777527300,down,0.495000,75.000000,0.407955,0.505000,0.097045,True,2026-04-30 05:46:37,1.000000,loss,-37.120000
420,2026-04-30 05:34:38,2113231,polymarket,btc,btc-updown-5m-1777527600,up,0.505000,75.000000,0.595495,0.505000,0.090495,True,2026-04-30 05:52:37,1.000000,win,37.120000
421,2026-04-30 05:35:38,2113237,polymarket,btc,btc-updown-5m-1777527900,up,0.505000,75.000000,0.594878,0.505000,0.089878,True,2026-04-30 05:56:37,0.000000,loss,-37.880000
422,2026-04-30 05:41:38,2113252,polymarket,btc,btc-updown-5m-1777528200,up,0.505000,75.000000,0.592154,0.505000,0.087154,True,2026-04-30 06:02:37,1.000000,win,37.120000
423,2026-04-30 05:59:38,2113361,polymarket,btc,btc-updown-5m-1777528800,down,0.495000,75.000000,0.418978,0.505000,0.086022,True,2026-04-30 06:12:37,1.000000,loss,-37.120000
424,2026-04-30 05:59:38,2113371,polymarket,btc,btc-updown-5m-1777529100,down,0.495000,75.000000,0.418978,0.505000,0.086022,True,2026-04-30 06:18:37,1.000000,loss,-37.120000
425,2026-04-30 06:01:38,2113378,polymarket,btc,btc-updown-5m-1777529400,down,0.495000,75.000000,0.420148,0.505000,0.084852,True,2026-04-30 06:22:37,0.000000,win,37.880000
426,2026-04-30 06:32:38,2113465,polymarket,btc,btc-updown-5m-1777530900,up,0.505000,75.000000,0.585048,0.505000,0.080048,True,2026-04-30 06:44:37,0.000000,loss,-37.880000
427,2026-04-30 06:32:38,2113471,polymarket,btc,btc-updown-5m-1777531200,up,0.505000,75.000000,0.585048,0.505000,0.080048,True,2026-04-30 06:48:37,0.000000,loss,-37.880000
428,2026-04-30 06:47:38,2113503,polymarket,btc,btc-updown-5m-1777531800,down,0.485000,75.000000,0.409636,0.515000,0.105364,True,2026-04-30 07:02:37,1.000000,loss,-36.380000
429,2026-04-30 06:47:38,2113620,polymarket,btc,btc-updown-5m-1777532100,down,0.495000,75.000000,0.410236,0.505000,0.094764,True,2026-04-30 07:02:37,0.000000,win,37.880000
430,2026-04-30 07:33:38,2113734,polymarket,btc,btc-updown-5m-1777534500,up,0.505000,75.000000,0.585526,0.505000,0.080526,True,2026-04-30 07:46:37,1.000000,win,37.120000
431,2026-04-30 07:33:38,2113795,polymarket,btc,btc-updown-5m-1777535100,up,0.505000,75.000000,0.585526,0.505000,0.080526,True,2026-04-30 07:56:37,1.000000,win,37.120000
432,2026-04-30 07:39:38,2113776,polymarket,btc,btc-updown-5m-1777534800,up,0.505000,75.000000,0.586377,0.505000,0.081377,True,2026-04-30 07:52:37,1.000000,win,37.120000
433,2026-04-30 08:57:38,2114119,polymarket,btc,btc-updown-5m-1777539600,down,0.490000,75.000000,0.427757,0.510000,0.082243,True,2026-04-30 09:08:37,1.000000,loss,-36.750000
434,2026-04-30 09:04:38,2114176,polymarket,btc,btc-updown-5m-1777540800,down,0.475000,75.000000,0.443183,0.525000,0.081817,True,2026-04-30 09:30:37,0.000000,win,39.380000
435,2026-04-30 09:16:38,2114205,polymarket,btc,btc-updown-5m-1777541400,up,0.485000,75.000000,0.573623,0.485000,0.088623,True,2026-04-30 09:40:37,1.000000,win,38.620000
436,2026-04-30 09:29:38,2114234,polymarket,btc,btc-updown-5m-1777541700,up,0.480000,75.000000,0.586096,0.480000,0.106096,True,2026-04-30 09:44:37,1.000000,win,39.000000
437,2026-04-30 09:30:38,2114244,polymarket,btc,btc-updown-5m-1777542000,up,0.505000,75.000000,0.589310,0.505000,0.084310,True,2026-04-30 09:50:37,0.000000,loss,-37.880000
438,2026-04-30 09:43:38,2114265,polymarket,btc,btc-updown-5m-1777542600,down,0.490000,75.000000,0.420139,0.510000,0.089861,True,2026-04-30 10:00:37,0.000000,win,38.250000
439,2026-04-30 09:43:38,2114262,polymarket,btc,btc-updown-5m-1777542300,down,0.495000,75.000000,0.420439,0.505000,0.084561,True,2026-04-30 09:56:37,1.000000,loss,-37.120000
440,2026-04-30 09:45:38,2114286,polymarket,btc,btc-updown-5m-1777542900,down,0.495000,75.000000,0.406778,0.505000,0.098222,True,2026-04-30 10:06:37,0.000000,win,37.880000
441,2026-04-30 10:06:38,2114337,polymarket,btc,btc-updown-5m-1777544400,down,0.475000,75.000000,0.444882,0.525000,0.080118,True,2026-04-30 10:30:37,0.000000,win,39.380000
442,2026-04-30 10:17:38,2114353,polymarket,btc,btc-updown-5m-1777544700,down,0.495000,75.000000,0.421403,0.505000,0.083597,True,2026-04-30 10:38:37,0.000000,win,37.880000
443,2026-04-30 10:23:38,2114417,polymarket,btc,btc-updown-5m-1777545600,down,0.475000,75.000000,0.439776,0.525000,0.085224,True,2026-04-30 10:48:37,0.000000,win,39.380000
444,2026-04-30 10:28:38,2114365,polymarket,btc,btc-updown-5m-1777545000,down,0.485000,75.000000,0.428841,0.515000,0.086159,True,2026-04-30 10:38:37,1.000000,loss,-36.380000
445,2026-04-30 10:43:38,2114438,polymarket,btc,btc-updown-5m-1777546200,down,0.455000,75.000000,0.439406,0.545000,0.105594,True,2026-04-30 10:58:37,1.000000,loss,-34.120000
446,2026-04-30 10:56:38,2114484,polymarket,btc,btc-updown-5m-1777547400,down,0.475000,75.000000,0.442733,0.525000,0.082267,True,2026-04-30 11:20:37,0.000000,win,39.380000
447,2026-04-30 11:04:38,2114545,polymarket,btc,btc-updown-5m-1777548300,up,0.485000,75.000000,0.581857,0.485000,0.096857,True,2026-04-30 11:36:37,1.000000,win,38.620000
448,2026-04-30 11:25:38,2114663,polymarket,btc,btc-updown-5m-1777549200,down,0.455000,75.000000,0.445570,0.545000,0.099430,True,2026-04-30 11:52:37,0.000000,win,40.870000
449,2026-04-30 11:30:38,2114703,polymarket,btc,btc-updown-5m-1777549500,down,0.475000,75.000000,0.439537,0.525000,0.085463,True,2026-04-30 11:58:37,1.000000,loss,-35.620000
450,2026-04-30 11:41:38,2114711,polymarket,btc,btc-updown-5m-1777549800,down,0.495000,75.000000,0.422559,0.505000,0.082441,True,2026-04-30 12:02:37,0.000000,win,37.880000
451,2026-04-30 11:47:39,2115113,polymarket,btc,btc-updown-5m-1777551000,down,0.445000,75.000000,0.452956,0.555000,0.102044,True,2026-04-30 12:22:37,1.000000,loss,-33.380000
452,2026-04-30 12:24:38,2115154,polymarket,btc,btc-updown-5m-1777551900,up,0.495000,75.000000,0.582172,0.495000,0.087172,True,2026-04-30 12:36:37,0.000000,loss,-37.120000
453,2026-04-30 12:27:39,2115167,polymarket,btc,btc-updown-5m-1777552200,up,0.475000,75.000000,0.575223,0.475000,0.100223,True,2026-04-30 12:38:37,1.000000,win,39.380000
454,2026-04-30 12:44:38,2115469,polymarket,btc,btc-updown-5m-1777553400,down,0.495000,75.000000,0.411384,0.505000,0.093616,True,2026-04-30 12:58:37,1.000000,loss,-37.120000
455,2026-04-30 12:44:38,2115567,polymarket,btc,btc-updown-5m-1777553700,down,0.495000,75.000000,0.411384,0.505000,0.093616,True,2026-04-30 13:04:37,0.000000,win,37.880000
456,2026-04-30 13:25:38,2115688,polymarket,btc,btc-updown-5m-1777555800,down,0.495000,75.000000,0.420328,0.505000,0.084672,True,2026-04-30 13:38:37,1.000000,loss,-37.120000
457,2026-04-30 13:25:38,2115747,polymarket,btc,btc-updown-5m-1777556100,down,0.495000,75.000000,0.420328,0.505000,0.084672,True,2026-04-30 13:48:37,1.000000,loss,-37.120000
458,2026-04-30 13:30:38,2115753,polymarket,btc,btc-updown-5m-1777556400,down,0.495000,75.000000,0.419036,0.505000,0.085964,True,2026-04-30 13:50:37,1.000000,loss,-37.120000
459,2026-04-30 13:36:38,2115791,polymarket,btc,btc-updown-5m-1777557000,up,0.505000,75.000000,0.592120,0.505000,0.087120,True,2026-04-30 14:00:37,0.000000,loss,-37.880000
460,2026-04-30 13:42:39,2115783,polymarket,btc,btc-updown-5m-1777556700,up,0.505000,75.000000,0.591413,0.505000,0.086413,True,2026-04-30 13:56:37,0.000000,loss,-37.880000
461,2026-04-30 13:46:38,2115854,polymarket,btc,btc-updown-5m-1777557900,up,0.505000,75.000000,0.588540,0.505000,0.083540,True,2026-04-30 14:14:37,0.000000,loss,-37.880000
462,2026-04-30 13:58:38,2115866,polymarket,btc,btc-updown-5m-1777558200,down,0.485000,75.000000,0.429653,0.515000,0.085347,True,2026-04-30 14:22:37,0.000000,win,38.620000
463,2026-04-30 14:10:38,2116078,polymarket,btc,btc-updown-5m-1777559100,down,0.475000,75.000000,0.427614,0.525000,0.097386,True,2026-04-30 14:38:37,1.000000,loss,-35.620000
464,2026-04-30 14:10:38,2116074,polymarket,btc,btc-updown-5m-1777558800,down,0.485000,75.000000,0.428214,0.515000,0.086786,True,2026-04-30 14:34:37,1.000000,loss,-36.380000
465,2026-04-30 14:13:38,2116061,polymarket,btc,btc-updown-5m-1777558500,down,0.495000,75.000000,0.423284,0.505000,0.081716,True,2026-04-30 14:26:37,0.000000,win,37.880000
466,2026-04-30 14:20:38,2116094,polymarket,btc,btc-updown-5m-1777559400,down,0.495000,75.000000,0.404413,0.505000,0.100587,True,2026-04-30 14:38:37,0.000000,win,37.880000
467,2026-04-30 14:27:39,2116133,polymarket,btc,btc-updown-5m-1777559700,down,0.495000,75.000000,0.402277,0.505000,0.102723,True,2026-04-30 14:46:37,0.000000,win,37.880000
468,2026-04-30 14:31:38,2116250,polymarket,btc,btc-updown-5m-1777560900,up,0.495000,75.000000,0.599706,0.495000,0.104706,True,2026-04-30 15:06:37,0.000000,loss,-37.120000
469,2026-04-30 14:39:38,2116160,polymarket,btc,btc-updown-5m-1777560000,down,0.495000,75.000000,0.412251,0.505000,0.092749,True,2026-04-30 14:50:37,1.000000,loss,-37.120000
470,2026-04-30 14:39:38,2116168,polymarket,btc,btc-updown-5m-1777560300,down,0.495000,75.000000,0.412251,0.505000,0.092749,True,2026-04-30 14:56:37,1.000000,loss,-37.120000
471,2026-04-30 14:57:38,2116260,polymarket,btc,btc-updown-5m-1777561200,down,0.495000,75.000000,0.407285,0.505000,0.097715,True,2026-04-30 15:12:37,0.000000,win,37.880000
472,2026-04-30 14:57:38,2116305,polymarket,btc,btc-updown-5m-1777561500,down,0.495000,75.000000,0.407285,0.505000,0.097715,True,2026-04-30 15:18:37,1.000000,loss,-37.120000
473,2026-04-30 15:04:38,2116309,polymarket,btc,btc-updown-5m-1777561800,down,0.495000,75.000000,0.403999,0.505000,0.101001,True,2026-04-30 15:22:37,1.000000,loss,-37.120000
474,2026-04-30 15:05:38,2116383,polymarket,btc,btc-updown-5m-1777562100,down,0.495000,75.000000,0.400939,0.505000,0.104061,True,2026-04-30 15:28:37,1.000000,loss,-37.120000
475,2026-04-30 15:10:38,2116406,polymarket,btc,btc-updown-5m-1777562400,up,0.505000,75.000000,0.594860,0.505000,0.089860,True,2026-04-30 15:32:37,1.000000,win,37.120000
476,2026-04-30 15:17:39,2116455,polymarket,btc,btc-updown-5m-1777563000,up,0.505000,75.000000,0.589653,0.505000,0.084653,True,2026-04-30 15:38:37,0.000000,loss,-37.880000
477,2026-04-30 15:31:38,2116484,polymarket,btc,btc-updown-5m-1777563300,up,0.505000,75.000000,0.592639,0.505000,0.087639,True,2026-04-30 15:44:37,1.000000,win,37.120000
478,2026-04-30 15:31:38,2116490,polymarket,btc,btc-updown-5m-1777563600,up,0.505000,75.000000,0.592639,0.505000,0.087639,True,2026-04-30 15:48:37,0.000000,loss,-37.880000
479,2026-04-30 15:36:38,2116529,polymarket,btc,btc-updown-5m-1777563900,down,0.495000,75.000000,0.399748,0.505000,0.105252,True,2026-04-30 15:54:37,0.000000,win,37.880000
480,2026-04-30 15:44:38,2116578,polymarket,btc,btc-updown-5m-1777564200,down,0.495000,75.000000,0.400984,0.505000,0.104016,True,2026-04-30 15:58:37,1.000000,loss,-37.120000
481,2026-04-30 15:45:38,2116768,polymarket,btc,btc-updown-5m-1777564500,down,0.495000,75.000000,0.410745,0.505000,0.094255,True,2026-04-30 16:04:37,0.000000,win,37.880000
482,2026-04-30 15:55:38,2116772,polymarket,btc,btc-updown-5m-1777564800,up,0.505000,75.000000,0.588941,0.505000,0.083941,True,2026-04-30 16:08:37,0.000000,loss,-37.880000
483,2026-04-30 15:55:38,2116794,polymarket,btc,btc-updown-5m-1777565100,up,0.505000,75.000000,0.588941,0.505000,0.083941,True,2026-04-30 16:16:37,0.000000,loss,-37.880000
484,2026-04-30 16:01:38,2116837,polymarket,btc,btc-updown-5m-1777565400,down,0.495000,75.000000,0.418949,0.505000,0.086051,True,2026-04-30 16:20:37,1.000000,loss,-37.120000
485,2026-04-30 16:19:38,2116857,polymarket,btc,btc-updown-5m-1777566000,down,0.495000,75.000000,0.413608,0.505000,0.091392,True,2026-04-30 16:30:37,0.000000,win,37.880000
486,2026-04-30 16:19:38,2116900,polymarket,btc,btc-updown-5m-1777566300,down,0.495000,75.000000,0.413608,0.505000,0.091392,True,2026-04-30 16:36:37,0.000000,win,37.880000
487,2026-04-30 16:23:38,2116919,polymarket,btc,btc-updown-5m-1777566600,down,0.495000,75.000000,0.418963,0.505000,0.086037,True,2026-04-30 16:40:37,1.000000,loss,-37.120000
488,2026-04-30 16:28:38,2116953,polymarket,btc,btc-updown-5m-1777566900,down,0.495000,75.000000,0.421485,0.505000,0.083515,True,2026-04-30 16:46:37,0.000000,win,37.880000
489,2026-04-30 16:55:38,2117068,polymarket,btc,btc-updown-5m-1777568400,down,0.495000,75.000000,0.416058,0.505000,0.088942,True,2026-04-30 17:10:37,1.000000,loss,-37.120000
490,2026-04-30 16:55:38,2117082,polymarket,btc,btc-updown-5m-1777568700,down,0.495000,75.000000,0.416058,0.505000,0.088942,True,2026-04-30 17:14:37,1.000000,loss,-37.120000
491,2026-04-30 17:06:38,2117111,polymarket,btc,btc-updown-5m-1777569000,down,0.495000,75.000000,0.421411,0.505000,0.083589,True,2026-04-30 17:20:37,0.000000,win,37.880000
492,2026-04-30 17:06:38,2117138,polymarket,btc,btc-updown-5m-1777569300,down,0.495000,75.000000,0.421411,0.505000,0.083589,True,2026-04-30 17:24:37,0.000000,win,37.880000
493,2026-04-30 17:14:38,2117167,polymarket,btc,btc-updown-5m-1777569600,down,0.495000,75.000000,0.420100,0.505000,0.084900,True,2026-04-30 17:30:37,0.000000,win,37.880000
494,2026-04-30 17:15:38,2117206,polymarket,btc,btc-updown-5m-1777569900,down,0.495000,75.000000,0.413847,0.505000,0.091153,True,2026-04-30 17:34:37,1.000000,loss,-37.120000
495,2026-04-30 17:21:38,2117221,polymarket,btc,btc-updown-5m-1777570200,down,0.495000,75.000000,0.417709,0.505000,0.087291,True,2026-04-30 17:42:37,1.000000,loss,-37.120000
496,2026-04-30 17:47:38,2117865,polymarket,btc,btc-updown-5m-1777571700,up,0.495000,75.000000,0.578866,0.495000,0.083866,True,2026-04-30 18:08:37,0.000000,loss,-37.120000
497,2026-04-30 18:02:38,2118021,polymarket,btc,btc-updown-5m-1777572300,up,0.475000,75.000000,0.587919,0.475000,0.112919,True,2026-04-30 18:18:37,0.000000,loss,-35.620000
498,2026-04-30 18:02:38,2118139,polymarket,btc,btc-updown-5m-1777572600,up,0.505000,75.000000,0.586119,0.505000,0.081119,True,2026-04-30 18:22:37,0.000000,loss,-37.880000
499,2026-04-30 18:18:38,2118209,polymarket,btc,btc-updown-5m-1777573200,up,0.505000,75.000000,0.585544,0.505000,0.080544,True,2026-04-30 18:28:37,0.000000,loss,-37.880000
500,2026-04-30 18:18:38,2118219,polymarket,btc,btc-updown-5m-1777573500,up,0.505000,75.000000,0.585544,0.505000,0.080544,True,2026-04-30 18:38:37,0.000000,loss,-37.880000
501,2026-04-30 18:29:38,2118273,polymarket,btc,btc-updown-5m-1777574100,down,0.495000,75.000000,0.404444,0.505000,0.100556,True,2026-04-30 18:44:37,1.000000,loss,-37.120000
502,2026-04-30 18:29:38,2118285,polymarket,btc,btc-updown-5m-1777574400,down,0.495000,75.000000,0.404444,0.505000,0.100556,True,2026-04-30 18:50:37,1.000000,loss,-37.120000
503,2026-04-30 18:52:38,2118529,polymarket,btc,btc-updown-5m-1777575900,up,0.505000,75.000000,0.585259,0.505000,0.080259,True,2026-04-30 19:16:37,1.000000,win,37.120000
504,2026-04-30 18:52:38,2118534,polymarket,btc,btc-updown-5m-1777576200,up,0.505000,75.000000,0.585259,0.505000,0.080259,True,2026-04-30 19:18:37,1.000000,win,37.120000
505,2026-04-30 19:11:38,2118577,polymarket,btc,btc-updown-5m-1777576500,up,0.505000,75.000000,0.586687,0.505000,0.081687,True,2026-04-30 19:24:37,0.000000,loss,-37.880000
506,2026-04-30 19:11:38,2118602,polymarket,btc,btc-updown-5m-1777577100,up,0.505000,75.000000,0.586687,0.505000,0.081687,True,2026-04-30 19:38:37,0.000000,loss,-37.880000
507,2026-04-30 19:37:38,2118699,polymarket,btc,btc-updown-5m-1777578000,up,0.475000,75.000000,0.555673,0.475000,0.080673,True,2026-04-30 19:52:37,0.000000,loss,-35.620000
508,2026-04-30 19:46:38,2118751,polymarket,btc,btc-updown-5m-1777578600,down,0.495000,75.000000,0.422201,0.505000,0.082799,True,2026-04-30 19:58:37,0.000000,win,37.880000
509,2026-04-30 19:46:38,2118792,polymarket,btc,btc-updown-5m-1777579200,down,0.495000,75.000000,0.422201,0.505000,0.082799,True,2026-04-30 20:08:37,0.000000,win,37.880000
510,2026-04-30 21:19:38,2119260,polymarket,btc,btc-updown-5m-1777584300,down,0.485000,75.000000,0.433870,0.515000,0.081130,True,2026-04-30 21:34:37,0.000000,win,38.620000
511,2026-04-30 21:21:38,2119285,polymarket,btc,btc-updown-5m-1777584600,down,0.495000,75.000000,0.413804,0.505000,0.091196,True,2026-04-30 21:40:37,1.000000,loss,-37.120000
512,2026-04-30 21:46:38,2119357,polymarket,btc,btc-updown-5m-1777585800,down,0.495000,75.000000,0.419578,0.505000,0.085422,True,2026-04-30 21:58:37,0.000000,win,37.880000
513,2026-04-30 21:46:38,2119398,polymarket,btc,btc-updown-5m-1777586100,down,0.495000,75.000000,0.419578,0.505000,0.085422,True,2026-04-30 22:08:37,0.000000,win,37.880000
514,2026-04-30 21:56:38,2119410,polymarket,btc,btc-updown-5m-1777586400,down,0.495000,75.000000,0.423719,0.505000,0.081281,True,2026-04-30 22:08:37,1.000000,loss,-37.120000
515,2026-04-30 21:56:38,2119422,polymarket,btc,btc-updown-5m-1777586700,down,0.495000,75.000000,0.423719,0.505000,0.081281,True,2026-04-30 22:12:37,1.000000,loss,-37.120000
516,2026-04-30 22:18:38,2119564,polymarket,btc,btc-updown-5m-1777588800,up,0.495000,75.000000,0.581172,0.495000,0.086172,True,2026-04-30 22:52:37,1.000000,win,37.880000
517,2026-04-30 22:35:38,2119708,polymarket,btc,btc-updown-5m-1777589100,down,0.495000,75.000000,0.418252,0.505000,0.086748,True,2026-04-30 22:56:37,0.000000,win,37.880000
518,2026-04-30 22:35:38,2120071,polymarket,btc,btc-updown-5m-1777589400,down,0.495000,75.000000,0.418252,0.505000,0.086748,True,2026-04-30 23:02:37,0.000000,win,37.880000
519,2026-05-01 00:04:38,2120945,polymarket,btc,btc-updown-5m-1777593900,up,0.505000,75.000000,0.588605,0.505000,0.083605,True,2026-05-01 00:14:37,1.000000,win,37.120000
520,2026-05-01 00:04:38,2120954,polymarket,btc,btc-updown-5m-1777594200,up,0.505000,75.000000,0.588605,0.505000,0.083605,True,2026-05-01 00:20:37,0.000000,loss,-37.880000
521,2026-05-01 00:18:38,2120983,polymarket,btc,btc-updown-5m-1777594800,up,0.505000,75.000000,0.590773,0.505000,0.085773,True,2026-05-01 00:30:37,0.000000,loss,-37.880000
522,2026-05-01 00:18:38,2120989,polymarket,btc,btc-updown-5m-1777595100,up,0.505000,75.000000,0.590773,0.505000,0.085773,True,2026-05-01 00:34:37,1.000000,win,37.120000
523,2026-05-01 00:59:38,2121292,polymarket,btc,btc-updown-5m-1777597200,down,0.495000,75.000000,0.424257,0.505000,0.080743,True,2026-05-01 01:12:37,1.000000,loss,-37.120000
524,2026-05-01 00:59:38,2121318,polymarket,btc,btc-updown-5m-1777597500,down,0.495000,75.000000,0.424257,0.505000,0.080743,True,2026-05-01 01:14:37,1.000000,loss,-37.120000
525,2026-05-01 01:08:38,2121327,polymarket,btc,btc-updown-5m-1777597800,up,0.505000,75.000000,0.591103,0.505000,0.086103,True,2026-05-01 01:20:37,1.000000,win,37.120000
526,2026-05-01 01:08:38,2121342,polymarket,btc,btc-updown-5m-1777598100,up,0.505000,75.000000,0.591103,0.505000,0.086103,True,2026-05-01 01:26:37,1.000000,win,37.120000
527,2026-05-01 01:18:38,2121346,polymarket,btc,btc-updown-5m-1777598400,up,0.485000,75.000000,0.578117,0.485000,0.093117,True,2026-05-01 01:28:37,0.000000,loss,-36.380000
528,2026-05-01 02:02:38,2121605,polymarket,btc,btc-updown-5m-1777601100,down,0.495000,75.000000,0.409486,0.505000,0.095514,True,2026-05-01 02:16:37,1.000000,loss,-37.120000
529,2026-05-01 02:02:38,2121613,polymarket,btc,btc-updown-5m-1777601400,down,0.495000,75.000000,0.409486,0.505000,0.095514,True,2026-05-01 02:20:37,0.000000,win,37.880000
530,2026-05-01 02:05:41,2121622,polymarket,btc,btc-updown-5m-1777601700,down,0.495000,75.000000,0.421240,0.505000,0.083760,True,2026-05-01 02:26:37,0.000000,win,37.880000
531,2026-05-01 02:20:38,2121674,polymarket,btc,btc-updown-5m-1777602300,down,0.495000,75.000000,0.424243,0.505000,0.080757,True,2026-05-01 02:36:37,1.000000,loss,-37.120000
532,2026-05-01 02:20:38,2121680,polymarket,btc,btc-updown-5m-1777602600,down,0.495000,75.000000,0.424243,0.505000,0.080757,True,2026-05-01 02:42:37,0.000000,win,37.880000
533,2026-05-01 03:10:38,2121854,polymarket,btc,btc-updown-5m-1777605300,up,0.505000,75.000000,0.590582,0.505000,0.085582,True,2026-05-01 03:22:37,1.000000,win,37.120000
534,2026-05-01 03:10:38,2121866,polymarket,btc,btc-updown-5m-1777605600,up,0.505000,75.000000,0.590582,0.505000,0.085582,True,2026-05-01 03:28:37,1.000000,win,37.120000
535,2026-05-01 03:18:38,2121922,polymarket,btc,btc-updown-5m-1777605900,up,0.495000,75.000000,0.582655,0.495000,0.087655,True,2026-05-01 03:34:37,0.000000,loss,-37.120000
536,2026-05-01 03:24:38,2121930,polymarket,btc,btc-updown-5m-1777606200,up,0.485000,75.000000,0.575900,0.485000,0.090900,True,2026-05-01 03:40:37,1.000000,win,38.620000
537,2026-05-01 03:26:38,2121966,polymarket,btc,btc-updown-5m-1777606500,up,0.505000,75.000000,0.588231,0.505000,0.083231,True,2026-05-01 03:46:37,0.000000,loss,-37.880000
538,2026-05-01 03:40:38,2121990,polymarket,btc,btc-updown-5m-1777607100,down,0.495000,75.000000,0.394780,0.505000,0.110220,True,2026-05-01 03:56:37,0.000000,win,37.880000
539,2026-05-01 03:40:38,2121992,polymarket,btc,btc-updown-5m-1777607400,down,0.495000,75.000000,0.394780,0.505000,0.110220,True,2026-05-01 04:02:37,0.000000,win,37.880000
540,2026-05-01 03:56:38,2122703,polymarket,btc,btc-updown-5m-1777608000,down,0.495000,75.000000,0.412937,0.505000,0.092063,True,2026-05-01 04:10:37,0.000000,win,37.880000
541,2026-05-01 03:56:38,2122770,polymarket,btc,btc-updown-5m-1777608300,down,0.495000,75.000000,0.412937,0.505000,0.092063,True,2026-05-01 04:14:37,1.000000,loss,-37.120000
542,2026-05-01 04:29:38,2122861,polymarket,btc,btc-updown-5m-1777609800,down,0.495000,75.000000,0.409485,0.505000,0.095515,True,2026-05-01 04:42:37,1.000000,loss,-37.120000
543,2026-05-01 04:29:38,2122910,polymarket,btc,btc-updown-5m-1777610100,down,0.495000,75.000000,0.409485,0.505000,0.095515,True,2026-05-01 04:46:37,1.000000,loss,-37.120000
544,2026-05-01 04:30:38,2122916,polymarket,btc,btc-updown-5m-1777610400,down,0.495000,75.000000,0.409546,0.505000,0.095454,True,2026-05-01 04:50:37,0.000000,win,37.880000
545,2026-05-01 05:19:38,2123092,polymarket,btc,btc-updown-5m-1777612800,down,0.495000,75.000000,0.417315,0.505000,0.087685,True,2026-05-01 05:32:37,1.000000,loss,-37.120000
546,2026-05-01 05:19:38,2123125,polymarket,btc,btc-updown-5m-1777613100,down,0.495000,75.000000,0.417315,0.505000,0.087685,True,2026-05-01 05:38:37,0.000000,win,37.880000
547,2026-05-01 06:39:38,2123401,polymarket,btc,btc-updown-5m-1777617600,down,0.495000,75.000000,0.408356,0.505000,0.096644,True,2026-05-01 06:50:37,1.000000,loss,-37.120000
548,2026-05-01 06:39:38,2123411,polymarket,btc,btc-updown-5m-1777617900,down,0.495000,75.000000,0.408356,0.505000,0.096644,True,2026-05-01 06:54:37,0.000000,win,37.880000
549,2026-05-01 06:40:38,2123425,polymarket,btc,btc-updown-5m-1777618200,down,0.495000,75.000000,0.414682,0.505000,0.090318,True,2026-05-01 06:58:37,1.000000,loss,-37.120000
550,2026-05-01 06:49:38,2123575,polymarket,btc,btc-updown-5m-1777618500,down,0.495000,75.000000,0.418523,0.505000,0.086477,True,2026-05-01 07:04:37,1.000000,loss,-37.120000
551,2026-05-01 06:50:38,2123591,polymarket,btc,btc-updown-5m-1777618800,down,0.495000,75.000000,0.410083,0.505000,0.094917,True,2026-05-01 07:10:37,0.000000,win,37.880000
552,2026-05-01 06:56:38,2123643,polymarket,btc,btc-updown-5m-1777619100,up,0.505000,75.000000,0.590146,0.505000,0.085146,True,2026-05-01 07:16:37,1.000000,win,37.120000
553,2026-05-01 07:25:38,2123732,polymarket,btc,btc-updown-5m-1777620600,down,0.495000,75.000000,0.423746,0.505000,0.081254,True,2026-05-01 07:40:37,1.000000,loss,-37.120000
554,2026-05-01 07:25:38,2123762,polymarket,btc,btc-updown-5m-1777620900,down,0.495000,75.000000,0.423746,0.505000,0.081254,True,2026-05-01 07:46:37,1.000000,loss,-37.120000
555,2026-05-01 08:22:38,2123877,polymarket,btc,btc-updown-5m-1777623900,up,0.475000,75.000000,0.562053,0.475000,0.087053,True,2026-05-01 08:38:37,0.000000,loss,-35.620000
556,2026-05-01 08:28:38,2123878,polymarket,btc,btc-updown-5m-1777624200,up,0.495000,75.000000,0.579383,0.495000,0.084383,True,2026-05-01 08:42:37,0.000000,loss,-37.120000
557,2026-05-01 08:45:38,2123952,polymarket,btc,btc-updown-5m-1777625400,down,0.495000,75.000000,0.421529,0.505000,0.083471,True,2026-05-01 08:58:37,0.000000,win,37.880000
558,2026-05-01 08:45:38,2123970,polymarket,btc,btc-updown-5m-1777625700,down,0.495000,75.000000,0.421529,0.505000,0.083471,True,2026-05-01 09:02:37,1.000000,loss,-37.120000
559,2026-05-01 09:49:38,2124158,polymarket,btc,btc-updown-5m-1777629300,down,0.475000,75.000000,0.433900,0.525000,0.091100,True,2026-05-01 10:04:37,1.000000,loss,-35.620000
560,2026-05-01 09:49:38,2124134,polymarket,btc,btc-updown-5m-1777629000,down,0.485000,75.000000,0.434500,0.515000,0.080500,True,2026-05-01 10:00:37,1.000000,loss,-36.380000
561,2026-05-01 10:20:38,2124230,polymarket,btc,btc-updown-5m-1777631100,up,0.505000,75.000000,0.590695,0.505000,0.085695,True,2026-05-01 10:36:37,0.000000,loss,-37.880000
562,2026-05-01 10:20:38,2124243,polymarket,btc,btc-updown-5m-1777631400,up,0.505000,75.000000,0.590695,0.505000,0.085695,True,2026-05-01 10:42:37,0.000000,loss,-37.880000
563,2026-05-01 12:02:38,2124776,polymarket,btc,btc-updown-5m-1777637100,up,0.485000,75.000000,0.582298,0.485000,0.097298,True,2026-05-01 12:16:37,0.000000,loss,-36.380000
564,2026-05-01 12:14:38,2124807,polymarket,btc,btc-updown-5m-1777637700,up,0.495000,75.000000,0.583358,0.495000,0.088358,True,2026-05-01 12:28:37,1.000000,win,37.880000
565,2026-05-01 12:15:38,2124817,polymarket,btc,btc-updown-5m-1777638000,up,0.505000,75.000000,0.590801,0.505000,0.085801,True,2026-05-01 12:32:37,1.000000,win,37.120000
566,2026-05-01 12:15:38,2124820,polymarket,btc,btc-updown-5m-1777638300,up,0.505000,75.000000,0.590801,0.505000,0.085801,True,2026-05-01 12:38:37,1.000000,win,37.120000
567,2026-05-01 12:30:38,2124868,polymarket,btc,btc-updown-5m-1777638900,up,0.495000,75.000000,0.584992,0.495000,0.089992,True,2026-05-01 12:46:37,1.000000,win,37.880000
568,2026-05-01 12:36:38,2124872,polymarket,btc,btc-updown-5m-1777639200,up,0.465000,75.000000,0.582024,0.465000,0.117024,True,2026-05-01 12:52:37,0.000000,loss,-34.880000
569,2026-05-01 12:44:38,2124881,polymarket,btc,btc-updown-5m-1777639500,up,0.465000,75.000000,0.552007,0.465000,0.087007,True,2026-05-01 12:58:37,1.000000,win,40.120000
570,2026-05-01 13:03:38,2125079,polymarket,btc,btc-updown-5m-1777640700,up,0.495000,75.000000,0.584617,0.495000,0.089617,True,2026-05-01 13:14:37,1.000000,win,37.880000
571,2026-05-01 13:04:38,2125087,polymarket,btc,btc-updown-5m-1777641000,up,0.505000,75.000000,0.595533,0.505000,0.090533,True,2026-05-01 13:18:37,1.000000,win,37.120000
572,2026-05-01 13:05:38,2125104,polymarket,btc,btc-updown-5m-1777641300,up,0.505000,75.000000,0.587721,0.505000,0.082721,True,2026-05-01 13:24:37,0.000000,loss,-37.880000
573,2026-05-01 13:11:38,2125109,polymarket,btc,btc-updown-5m-1777641600,up,0.505000,75.000000,0.586155,0.505000,0.081155,True,2026-05-01 13:28:37,1.000000,win,37.120000
574,2026-05-01 13:30:38,2125178,polymarket,btc,btc-updown-5m-1777642500,down,0.495000,75.000000,0.394700,0.505000,0.110300,True,2026-05-01 13:44:37,0.000000,win,37.880000
575,2026-05-01 13:30:38,2125187,polymarket,btc,btc-updown-5m-1777642800,down,0.495000,75.000000,0.394700,0.505000,0.110300,True,2026-05-01 13:50:37,1.000000,loss,-37.120000
576,2026-05-01 13:35:38,2125212,polymarket,btc,btc-updown-5m-1777643100,up,0.505000,75.000000,0.591823,0.505000,0.086823,True,2026-05-01 13:54:37,1.000000,win,37.120000
577,2026-05-01 13:40:38,2125218,polymarket,btc,btc-updown-5m-1777643400,down,0.495000,75.000000,0.422933,0.505000,0.082067,True,2026-05-01 14:00:37,1.000000,loss,-37.120000
578,2026-05-01 13:40:38,2125345,polymarket,btc,btc-updown-5m-1777643700,down,0.495000,75.000000,0.422933,0.505000,0.082067,True,2026-05-01 14:04:37,0.000000,win,37.880000
579,2026-05-01 13:52:38,2125417,polymarket,btc,btc-updown-5m-1777644900,up,0.495000,75.000000,0.595360,0.495000,0.100360,True,2026-05-01 14:28:37,0.000000,loss,-37.120000
580,2026-05-01 13:55:38,2125348,polymarket,btc,btc-updown-5m-1777644000,up,0.485000,75.000000,0.581664,0.485000,0.096664,True,2026-05-01 14:10:37,0.000000,loss,-36.380000
581,2026-05-01 13:57:39,2125389,polymarket,btc,btc-updown-5m-1777644300,up,0.505000,75.000000,0.589984,0.505000,0.084984,True,2026-05-01 14:16:37,0.000000,loss,-37.880000
582,2026-05-01 14:18:38,2125463,polymarket,btc,btc-updown-5m-1777645500,down,0.495000,75.000000,0.401396,0.505000,0.103604,True,2026-05-01 14:36:37,0.000000,win,37.880000
583,2026-05-01 14:18:38,2125473,polymarket,btc,btc-updown-5m-1777645800,down,0.495000,75.000000,0.401396,0.505000,0.103604,True,2026-05-01 14:40:37,0.000000,win,37.880000
584,2026-05-01 14:20:38,2125525,polymarket,btc,btc-updown-5m-1777646100,down,0.495000,75.000000,0.403605,0.505000,0.101395,True,2026-05-01 14:46:37,0.000000,win,37.880000
585,2026-05-01 14:30:38,2125530,polymarket,btc,btc-updown-5m-1777646400,down,0.495000,75.000000,0.409926,0.505000,0.095074,True,2026-05-01 14:50:37,0.000000,win,37.880000
586,2026-05-01 14:36:38,2125604,polymarket,btc,btc-updown-5m-1777646700,down,0.495000,75.000000,0.407712,0.505000,0.097288,True,2026-05-01 14:56:37,1.000000,loss,-37.120000
587,2026-05-01 14:40:38,2125616,polymarket,btc,btc-updown-5m-1777647000,down,0.495000,75.000000,0.406051,0.505000,0.098949,True,2026-05-01 15:02:37,0.000000,win,37.880000
588,2026-05-01 14:49:38,2125722,polymarket,btc,btc-updown-5m-1777647300,up,0.505000,75.000000,0.591637,0.505000,0.086637,True,2026-05-01 15:06:41,1.000000,win,37.120000
589,2026-05-01 14:51:38,2125732,polymarket,btc,btc-updown-5m-1777647600,up,0.505000,75.000000,0.601685,0.505000,0.096685,True,2026-05-01 15:08:37,0.000000,loss,-37.880000
590,2026-05-01 15:01:38,2125749,polymarket,btc,btc-updown-5m-1777647900,down,0.495000,75.000000,0.422161,0.505000,0.082839,True,2026-05-01 15:12:37,1.000000,loss,-37.120000
591,2026-05-01 15:01:38,2125756,polymarket,btc,btc-updown-5m-1777648200,down,0.495000,75.000000,0.422161,0.505000,0.082839,True,2026-05-01 15:22:37,1.000000,loss,-37.120000
592,2026-05-01 15:02:39,2125779,polymarket,btc,btc-updown-5m-1777648500,down,0.495000,75.000000,0.399829,0.505000,0.105171,True,2026-05-01 15:28:37,1.000000,loss,-37.120000
593,2026-05-01 15:12:39,2125787,polymarket,btc,btc-updown-5m-1777648800,up,0.505000,75.000000,0.600692,0.505000,0.095692,True,2026-05-01 15:28:37,1.000000,win,37.120000
594,2026-05-01 15:15:38,2125802,polymarket,btc,btc-updown-5m-1777649100,up,0.505000,75.000000,0.592634,0.505000,0.087634,True,2026-05-01 15:34:37,1.000000,win,37.120000
595,2026-05-01 15:22:38,2125809,polymarket,btc,btc-updown-5m-1777649400,up,0.505000,75.000000,0.585663,0.505000,0.080663,True,2026-05-01 15:38:37,1.000000,win,37.120000
596,2026-05-01 15:25:38,2125839,polymarket,btc,btc-updown-5m-1777649700,up,0.505000,75.000000,0.592534,0.505000,0.087534,True,2026-05-01 15:44:37,1.000000,win,37.120000
597,2026-05-01 15:34:38,2125847,polymarket,btc,btc-updown-5m-1777650000,up,0.505000,75.000000,0.588909,0.505000,0.083909,True,2026-05-01 15:48:37,0.000000,loss,-37.880000
598,2026-05-01 15:39:38,2125886,polymarket,btc,btc-updown-5m-1777650300,up,0.505000,75.000000,0.585639,0.505000,0.080639,True,2026-05-01 15:54:37,1.000000,win,37.120000
599,2026-05-01 15:40:38,2125899,polymarket,btc,btc-updown-5m-1777650600,up,0.505000,75.000000,0.591633,0.505000,0.086633,True,2026-05-01 15:58:37,0.000000,loss,-37.880000
600,2026-05-01 15:51:38,2126033,polymarket,btc,btc-updown-5m-1777650900,down,0.495000,75.000000,0.408309,0.505000,0.096691,True,2026-05-01 16:04:37,1.000000,loss,-37.120000
601,2026-05-01 15:51:38,2126077,polymarket,btc,btc-updown-5m-1777651200,down,0.495000,75.000000,0.408309,0.505000,0.096691,True,2026-05-01 16:10:37,1.000000,loss,-37.120000
602,2026-05-01 15:53:38,2126113,polymarket,btc,btc-updown-5m-1777651500,down,0.495000,75.000000,0.409522,0.505000,0.095478,True,2026-05-01 16:16:37,0.000000,win,37.880000
603,2026-05-01 16:01:38,2126122,polymarket,btc,btc-updown-5m-1777651800,up,0.505000,75.000000,0.600778,0.505000,0.095778,True,2026-05-01 16:20:37,0.000000,loss,-37.880000
604,2026-05-01 16:05:38,2126178,polymarket,btc,btc-updown-5m-1777652100,up,0.505000,75.000000,0.598018,0.505000,0.093018,True,2026-05-01 16:26:37,0.000000,loss,-37.880000
605,2026-05-01 16:13:38,2126187,polymarket,btc,btc-updown-5m-1777652400,down,0.495000,75.000000,0.400936,0.505000,0.104064,True,2026-05-01 16:30:37,0.000000,win,37.880000
606,2026-05-01 16:15:38,2126309,polymarket,btc,btc-updown-5m-1777652700,down,0.495000,75.000000,0.410417,0.505000,0.094583,True,2026-05-01 16:36:37,1.000000,loss,-37.120000
607,2026-05-01 16:20:38,2126320,polymarket,btc,btc-updown-5m-1777653000,down,0.495000,75.000000,0.408488,0.505000,0.096512,True,2026-05-01 16:40:37,0.000000,win,37.880000
608,2026-05-01 16:25:38,2126356,polymarket,btc,btc-updown-5m-1777653300,down,0.495000,75.000000,0.409651,0.505000,0.095349,True,2026-05-01 16:46:37,1.000000,loss,-37.120000
609,2026-05-01 16:33:38,2126367,polymarket,btc,btc-updown-5m-1777653600,down,0.495000,75.000000,0.407577,0.505000,0.097423,True,2026-05-01 16:50:37,0.000000,win,37.880000
610,2026-05-01 16:48:38,2126410,polymarket,btc,btc-updown-5m-1777654200,down,0.495000,75.000000,0.409873,0.505000,0.095127,True,2026-05-01 17:00:37,1.000000,loss,-37.120000
611,2026-05-01 16:48:38,2126430,polymarket,btc,btc-updown-5m-1777654500,down,0.495000,75.000000,0.409873,0.505000,0.095127,True,2026-05-01 17:06:37,0.000000,win,37.880000
612,2026-05-01 16:50:38,2126475,polymarket,btc,btc-updown-5m-1777654800,down,0.495000,75.000000,0.417798,0.505000,0.087202,True,2026-05-01 17:08:37,0.000000,win,37.880000
613,2026-05-01 17:05:38,2126521,polymarket,btc,btc-updown-5m-1777655400,down,0.495000,75.000000,0.417411,0.505000,0.087589,True,2026-05-01 17:24:37,1.000000,loss,-37.120000
614,2026-05-01 17:05:38,2126541,polymarket,btc,btc-updown-5m-1777655700,down,0.495000,75.000000,0.417411,0.505000,0.087589,True,2026-05-01 17:24:37,0.000000,win,37.880000
615,2026-05-01 17:14:38,2126550,polymarket,btc,btc-updown-5m-1777656000,up,0.505000,75.000000,0.588047,0.505000,0.083047,True,2026-05-01 17:32:37,0.000000,loss,-37.880000
616,2026-05-01 17:26:38,2126648,polymarket,btc,btc-updown-5m-1777656600,down,0.495000,75.000000,0.423294,0.505000,0.081706,True,2026-05-01 17:38:37,0.000000,win,37.880000
617,2026-05-01 17:26:38,2126723,polymarket,btc,btc-updown-5m-1777656900,down,0.495000,75.000000,0.423294,0.505000,0.081706,True,2026-05-01 17:44:37,1.000000,loss,-37.120000
618,2026-05-01 17:29:38,2126733,polymarket,btc,btc-updown-5m-1777657200,down,0.495000,75.000000,0.416868,0.505000,0.088132,True,2026-05-01 17:50:37,0.000000,win,37.880000
619,2026-05-01 17:37:38,2126758,polymarket,btc,btc-updown-5m-1777657500,up,0.505000,75.000000,0.595266,0.505000,0.090266,True,2026-05-01 17:54:37,1.000000,win,37.120000
620,2026-05-01 17:39:38,2126767,polymarket,btc,btc-updown-5m-1777657800,up,0.505000,75.000000,0.585903,0.505000,0.080903,True,2026-05-01 18:00:37,1.000000,win,37.120000
621,2026-05-01 18:35:38,2127130,polymarket,btc,btc-updown-5m-1777660800,down,0.495000,75.000000,0.408842,0.505000,0.096158,True,2026-05-01 18:52:37,0.000000,win,37.880000
622,2026-05-01 18:35:38,2127144,polymarket,btc,btc-updown-5m-1777661100,down,0.495000,75.000000,0.408842,0.505000,0.096158,True,2026-05-01 18:56:37,1.000000,loss,-37.120000
623,2026-05-01 18:41:38,2127169,polymarket,btc,btc-updown-5m-1777661400,down,0.495000,75.000000,0.423379,0.505000,0.081621,True,2026-05-01 19:02:37,0.000000,win,37.880000
624,2026-05-01 19:06:38,2127393,polymarket,btc,btc-updown-5m-1777662600,up,0.505000,75.000000,0.595371,0.505000,0.090371,True,2026-05-01 19:22:37,0.000000,loss,-37.880000
625,2026-05-01 19:06:38,2127402,polymarket,btc,btc-updown-5m-1777662900,up,0.505000,75.000000,0.595371,0.505000,0.090371,True,2026-05-01 19:24:37,0.000000,loss,-37.880000
626,2026-05-01 19:18:38,2127450,polymarket,btc,btc-updown-5m-1777663200,down,0.495000,75.000000,0.410610,0.505000,0.094390,True,2026-05-01 19:32:37,1.000000,loss,-37.120000
627,2026-05-01 19:18:38,2127518,polymarket,btc,btc-updown-5m-1777663500,down,0.495000,75.000000,0.410610,0.505000,0.094390,True,2026-05-01 19:38:37,1.000000,loss,-37.120000
628,2026-05-01 19:20:38,2127537,polymarket,btc,btc-updown-5m-1777663800,down,0.495000,75.000000,0.416234,0.505000,0.088766,True,2026-05-01 19:38:37,0.000000,win,37.880000
629,2026-05-01 19:33:38,2127625,polymarket,btc,btc-updown-5m-1777664100,down,0.495000,75.000000,0.417359,0.505000,0.087641,True,2026-05-01 19:42:37,0.000000,win,37.880000
630,2026-05-01 19:33:38,2127629,polymarket,btc,btc-updown-5m-1777664400,down,0.495000,75.000000,0.417359,0.505000,0.087641,True,2026-05-01 19:48:37,0.000000,win,37.880000
631,2026-05-01 20:18:38,2127856,polymarket,btc,btc-updown-5m-1777666800,down,0.485000,75.000000,0.411665,0.515000,0.103335,True,2026-05-01 20:32:37,0.000000,win,38.620000
632,2026-05-01 20:18:38,2127866,polymarket,btc,btc-updown-5m-1777667100,down,0.495000,75.000000,0.412265,0.505000,0.092735,True,2026-05-01 20:32:37,0.000000,win,37.880000
633,2026-05-01 20:21:38,2127875,polymarket,btc,btc-updown-5m-1777667400,down,0.495000,75.000000,0.420027,0.505000,0.084973,True,2026-05-01 20:40:37,0.000000,win,37.880000
634,2026-05-01 20:41:38,2127925,polymarket,btc,btc-updown-5m-1777668300,down,0.495000,75.000000,0.418758,0.505000,0.086242,True,2026-05-01 20:58:37,0.000000,win,37.880000
635,2026-05-01 20:41:38,2127941,polymarket,btc,btc-updown-5m-1777668600,down,0.495000,75.000000,0.418758,0.505000,0.086242,True,2026-05-01 20:58:37,0.000000,win,37.880000
636,2026-05-01 20:49:38,2127956,polymarket,btc,btc-updown-5m-1777668900,down,0.485000,75.000000,0.417147,0.515000,0.097853,True,2026-05-01 21:04:37,1.000000,loss,-36.380000
637,2026-05-01 20:52:39,2127968,polymarket,btc,btc-updown-5m-1777669200,down,0.495000,75.000000,0.415038,0.505000,0.089962,True,2026-05-01 21:08:37,1.000000,loss,-37.120000
638,2026-05-01 20:55:38,2127980,polymarket,btc,btc-updown-5m-1777669500,down,0.495000,75.000000,0.424294,0.505000,0.080706,True,2026-05-01 21:14:37,1.000000,loss,-37.120000
639,2026-05-01 21:12:39,2128013,polymarket,btc,btc-updown-5m-1777670400,up,0.505000,75.000000,0.589507,0.505000,0.084507,True,2026-05-01 21:28:37,0.000000,loss,-37.880000
640,2026-05-01 21:12:39,2128017,polymarket,btc,btc-updown-5m-1777670700,up,0.505000,75.000000,0.589507,0.505000,0.084507,True,2026-05-01 21:34:37,1.000000,win,37.120000
641,2026-05-01 21:31:39,2128095,polymarket,btc,btc-updown-5m-1777671600,up,0.505000,75.000000,0.593801,0.505000,0.088801,True,2026-05-01 21:52:37,0.000000,loss,-37.880000
642,2026-05-01 21:31:39,2128109,polymarket,btc,btc-updown-5m-1777671900,up,0.505000,75.000000,0.593801,0.505000,0.088801,True,2026-05-01 21:56:37,1.000000,win,37.120000
643,2026-05-01 21:58:38,2128160,polymarket,btc,btc-updown-5m-1777672800,up,0.485000,75.000000,0.566268,0.485000,0.081268,True,2026-05-01 22:08:37,1.000000,win,38.620000
644,2026-05-01 22:19:38,2128203,polymarket,btc,btc-updown-5m-1777674000,up,0.475000,75.000000,0.565979,0.475000,0.090979,True,2026-05-01 22:30:37,1.000000,win,39.380000
645,2026-05-01 22:24:38,2128283,polymarket,btc,btc-updown-5m-1777674300,up,0.465000,75.000000,0.552434,0.465000,0.087434,True,2026-05-01 22:34:37,0.000000,loss,-34.880000
646,2026-05-01 22:35:38,2128390,polymarket,btc,btc-updown-5m-1777675200,down,0.495000,75.000000,0.406419,0.505000,0.098581,True,2026-05-01 22:50:37,1.000000,loss,-37.120000
647,2026-05-01 22:35:38,2128416,polymarket,btc,btc-updown-5m-1777675500,down,0.495000,75.000000,0.406419,0.505000,0.098581,True,2026-05-01 22:54:37,0.000000,win,37.880000
648,2026-05-01 22:49:38,2128431,polymarket,btc,btc-updown-5m-1777675800,down,0.495000,75.000000,0.415272,0.505000,0.089728,True,2026-05-01 23:00:37,0.000000,win,37.880000
649,2026-05-01 22:49:38,2128534,polymarket,btc,btc-updown-5m-1777676100,down,0.495000,75.000000,0.415272,0.505000,0.089728,True,2026-05-01 23:04:37,0.000000,win,37.880000
650,2026-05-02 00:26:44,2128790,polymarket,btc,btc-updown-5m-1777681800,up,0.495000,75.000000,0.583703,0.495000,0.088703,True,2026-05-02 00:40:37,1.000000,win,37.880000
651,2026-05-02 04:40:39,2130585,polymarket,btc,btc-updown-5m-1777697100,down,0.495000,75.000000,0.424327,0.505000,0.080673,True,2026-05-02 04:54:38,0.000000,win,37.880000
652,2026-05-02 04:40:39,2130601,polymarket,btc,btc-updown-5m-1777697400,down,0.495000,75.000000,0.424327,0.505000,0.080673,True,2026-05-02 04:58:38,0.000000,win,37.880000
653,2026-05-02 04:47:39,2130623,polymarket,btc,btc-updown-5m-1777697700,down,0.495000,75.000000,0.423390,0.505000,0.081610,True,2026-05-02 05:04:38,0.000000,win,37.880000
654,2026-05-02 05:04:39,2130645,polymarket,btc,btc-updown-5m-1777698300,down,0.475000,75.000000,0.443537,0.525000,0.081463,True,2026-05-02 05:14:38,1.000000,loss,-35.620000
655,2026-05-02 05:13:39,2130657,polymarket,btc,btc-updown-5m-1777698900,down,0.495000,75.000000,0.416505,0.505000,0.088495,True,2026-05-02 05:24:38,0.000000,win,37.880000
656,2026-05-02 05:13:39,2130675,polymarket,btc,btc-updown-5m-1777699200,down,0.495000,75.000000,0.416505,0.505000,0.088495,True,2026-05-02 05:30:38,1.000000,loss,-37.120000
657,2026-05-02 05:44:39,2130760,polymarket,btc,btc-updown-5m-1777700700,up,0.455000,75.000000,0.553685,0.455000,0.098685,True,2026-05-02 05:54:38,1.000000,win,40.870000
658,2026-05-02 08:24:39,2131371,polymarket,btc,btc-updown-5m-1777710300,up,0.460000,75.000000,0.546987,0.460000,0.086987,True,2026-05-02 08:34:38,0.000000,loss,-34.500000
659,2026-05-02 11:45:39,2132094,polymarket,btc,btc-updown-5m-1777722600,down,0.485000,75.000000,0.430247,0.515000,0.084753,True,2026-05-02 11:58:38,0.000000,win,38.620000
660,2026-05-02 16:04:39,2133437,polymarket,btc,btc-updown-5m-1777738800,up,0.465000,75.000000,0.547509,0.465000,0.082509,True,2026-05-02 16:30:38,0.000000,loss,-34.880000
661,2026-05-02 16:34:39,2133532,polymarket,btc,btc-updown-5m-1777739700,down,0.485000,75.000000,0.434458,0.515000,0.080542,True,2026-05-02 16:44:38,1.000000,loss,-36.380000
